	Kingdom	Phylum	Class	Order	Family	Genus	Species
ASV_1	Bacteria	Proteobacteria	Gammaproteobacteria	Enterobacterales	Pasteurellaceae	Haemophilus	NA
ASV_2	Bacteria	Proteobacteria	Gammaproteobacteria	Enterobacterales	Pasteurellaceae	Haemophilus	NA
ASV_3	Bacteria	Bacteroidota	Bacteroidia	Bacteroidales	Bacteroidaceae	Bacteroides	NA
ASV_4	Bacteria	Bacteroidota	Bacteroidia	Bacteroidales	NA	NA	NA
ASV_5	Bacteria	Bacteroidota	Bacteroidia	Bacteroidales	Porphyromonadaceae	Porphyromonas	NA
ASV_6	Bacteria	Fusobacteriota	Fusobacteriia	Fusobacteriales	Fusobacteriaceae	Fusobacterium	NA
ASV_7	Bacteria	Firmicutes	Negativicutes	Veillonellales-Selenomonadales	Veillonellaceae	Veillonella	NA
ASV_8	Bacteria	Firmicutes	Bacilli	Lactobacillales	Streptococcaceae	Streptococcus	NA
ASV_9	Bacteria	Firmicutes	Bacilli	Erysipelotrichales	Erysipelotrichaceae	Ileibacterium	NA
ASV_10	Bacteria	Bacteroidota	Bacteroidia	Bacteroidales	Muribaculaceae	NA	NA
ASV_11	Bacteria	Firmicutes	Clostridia	Eubacteriales	Eubacteriaceae	NA	NA
ASV_12	Bacteria	Bacteroidota	Bacteroidia	Bacteroidales	Bacteroidaceae	Bacteroides	heparinolyticus
ASV_13	Bacteria	Bacteroidota	Bacteroidia	Bacteroidales	Muribaculaceae	NA	NA
ASV_14	Bacteria	Bacteroidota	Bacteroidia	Bacteroidales	Bacteroidaceae	Bacteroides	NA
ASV_15	Bacteria	Bacteroidota	Bacteroidia	Bacteroidales	Porphyromonadaceae	Porphyromonas	asaccharolytica
ASV_16	Bacteria	Firmicutes	Bacilli	Lactobacillales	Carnobacteriaceae	NA	NA
ASV_17	Bacteria	Bacteroidota	Bacteroidia	Bacteroidales	Muribaculaceae	NA	NA
ASV_18	Bacteria	Firmicutes	Bacilli	Lactobacillales	Streptococcaceae	Streptococcus	NA
ASV_19	Bacteria	Bacteroidota	Bacteroidia	Bacteroidales	Bacteroidaceae	Bacteroides	NA
ASV_20	Bacteria	Fusobacteriota	Fusobacteriia	Fusobacteriales	Fusobacteriaceae	Fusobacterium	nucleatum
ASV_21	Bacteria	Bacteroidota	Bacteroidia	Bacteroidales	Muribaculaceae	NA	NA
ASV_22	Bacteria	Bacteroidota	Bacteroidia	Bacteroidales	Prevotellaceae	Prevotella_7	NA
ASV_23	Bacteria	Firmicutes	Clostridia	Lachnospirales	Lachnospiraceae	Johnsonella	NA
ASV_24	Bacteria	Fusobacteriota	Fusobacteriia	Fusobacteriales	Leptotrichiaceae	Leptotrichia	hongkongensis
ASV_25	Bacteria	Firmicutes	Bacilli	Erysipelotrichales	Erysipelotrichaceae	Allobaculum	NA
ASV_26	Bacteria	Patescibacteria	Gracilibacteria	NA	NA	NA	NA
ASV_27	Bacteria	Fusobacteriota	Fusobacteriia	Fusobacteriales	Fusobacteriaceae	Fusobacterium	varium
ASV_28	Bacteria	Bacteroidota	Bacteroidia	Bacteroidales	Muribaculaceae	NA	NA
ASV_29	Bacteria	Fusobacteriota	Fusobacteriia	Fusobacteriales	Fusobacteriaceae	Fusobacterium	NA
ASV_30	Bacteria	Firmicutes	Negativicutes	Veillonellales-Selenomonadales	Veillonellaceae	Veillonella	criceti
ASV_31	Bacteria	Bacteroidota	Bacteroidia	Bacteroidales	Muribaculaceae	NA	NA
ASV_32	Bacteria	Firmicutes	Bacilli	Erysipelotrichales	Erysipelotrichaceae	Ileibacterium	NA
ASV_33	Bacteria	Firmicutes	Bacilli	Erysipelotrichales	Erysipelotrichaceae	Allobaculum	NA
ASV_34	Bacteria	Bacteroidota	Bacteroidia	Bacteroidales	Prevotellaceae	Prevotella	NA
ASV_35	Bacteria	Bacteroidota	Bacteroidia	Bacteroidales	Muribaculaceae	NA	NA
ASV_36	Bacteria	Firmicutes	Clostridia	Peptococcales	Peptococcaceae	Peptococcus	NA
ASV_37	Bacteria	Firmicutes	Clostridia	Lachnospirales	Lachnospiraceae	NA	NA
ASV_38	Bacteria	Patescibacteria	Gracilibacteria	Absconditabacteriales (SR1)	NA	NA	NA
ASV_39	Bacteria	Bacteroidota	Bacteroidia	Bacteroidales	Prevotellaceae	Prevotella	NA
ASV_40	Bacteria	Fusobacteriota	Fusobacteriia	Fusobacteriales	Fusobacteriaceae	Fusobacterium	NA
ASV_41	Bacteria	Campylobacterota	Campylobacteria	Campylobacterales	Campylobacteraceae	Campylobacter	NA
ASV_42	Bacteria	Bacteroidota	Bacteroidia	Bacteroidales	Muribaculaceae	NA	NA
ASV_43	Bacteria	Firmicutes	Bacilli	Erysipelotrichales	Erysipelotrichaceae	NA	NA
ASV_44	Bacteria	Bacteroidota	Bacteroidia	Bacteroidales	Muribaculaceae	NA	NA
ASV_45	Bacteria	Firmicutes	Clostridia	Eubacteriales	Eubacteriaceae	NA	NA
ASV_46	Bacteria	Bacteroidota	Bacteroidia	Bacteroidales	Prevotellaceae	Prevotella_7	NA
ASV_47	Bacteria	Spirochaetota	Spirochaetia	Spirochaetales	Spirochaetaceae	GWE2-31-10	NA
ASV_48	Bacteria	Firmicutes	Bacilli	Erysipelotrichales	Erysipelotrichaceae	NA	NA
ASV_49	Bacteria	Bacteroidota	Bacteroidia	Bacteroidales	Muribaculaceae	NA	NA
ASV_50	Bacteria	Bacteroidota	Bacteroidia	Bacteroidales	Muribaculaceae	NA	NA
ASV_51	Bacteria	Bacteroidota	Bacteroidia	Bacteroidales	Muribaculaceae	NA	NA
ASV_52	Bacteria	Bacteroidota	Bacteroidia	Bacteroidales	Muribaculaceae	NA	NA
ASV_53	Bacteria	Bacteroidota	Bacteroidia	Bacteroidales	Muribaculaceae	NA	NA
ASV_54	Bacteria	Proteobacteria	Gammaproteobacteria	Enterobacterales	Pasteurellaceae	Mannheimia	NA
ASV_55	Bacteria	Bacteroidota	Bacteroidia	Bacteroidales	Muribaculaceae	NA	NA
ASV_56	Bacteria	Proteobacteria	Gammaproteobacteria	Pseudomonadales	Moraxellaceae	Moraxella	NA
ASV_57	Bacteria	Firmicutes	Bacilli	Lactobacillales	Lactobacillaceae	Ligilactobacillus	NA
ASV_58	Bacteria	Bacteroidota	Bacteroidia	Bacteroidales	Muribaculaceae	NA	NA
ASV_59	Bacteria	Firmicutes	Bacilli	Erysipelotrichales	Erysipelotrichaceae	NA	NA
ASV_60	Bacteria	Firmicutes	Clostridia	Eubacteriales	Eubacteriaceae	NA	NA
ASV_61	Bacteria	Bacteroidota	Bacteroidia	Bacteroidales	Muribaculaceae	NA	NA
ASV_62	Bacteria	Firmicutes	Bacilli	Erysipelotrichales	Erysipelotrichaceae	Ileibacterium	NA
ASV_63	Bacteria	Firmicutes	Clostridia	Peptostreptococcales-Tissierellales	Peptostreptococcaceae	Peptostreptococcus	NA
ASV_64	Bacteria	Firmicutes	Bacilli	RF39	NA	NA	NA
ASV_65	Bacteria	Firmicutes	Clostridia	Lachnospirales	Lachnospiraceae	NA	NA
ASV_66	Bacteria	Bacteroidota	Bacteroidia	Bacteroidales	Muribaculaceae	NA	NA
ASV_67	Bacteria	Bacteroidota	Bacteroidia	Bacteroidales	Porphyromonadaceae	Porphyromonas	NA
ASV_68	Bacteria	Proteobacteria	Gammaproteobacteria	Burkholderiales	Neisseriaceae	NA	NA
ASV_69	Bacteria	Actinobacteriota	Actinobacteria	Corynebacteriales	Mycobacteriaceae	Mycobacterium	NA
ASV_70	Bacteria	Firmicutes	Bacilli	Erysipelotrichales	Erysipelotrichaceae	NA	NA
ASV_71	Bacteria	Fusobacteriota	Fusobacteriia	Fusobacteriales	Leptotrichiaceae	Leptotrichia	NA
ASV_72	Bacteria	Bacteroidota	Bacteroidia	Bacteroidales	Bacteroidaceae	Bacteroides	NA
ASV_73	Bacteria	Bacteroidota	Bacteroidia	Bacteroidales	Muribaculaceae	NA	NA
ASV_74	Bacteria	Firmicutes	Clostridia	Peptostreptococcales-Tissierellales	Family XI	Finegoldia	magna
ASV_75	Bacteria	Proteobacteria	Gammaproteobacteria	Enterobacterales	Pasteurellaceae	Rodentibacter	NA
ASV_76	Bacteria	Actinobacteriota	Actinobacteria	Actinomycetales	Actinomycetaceae	Actinomyces	NA
ASV_77	Bacteria	Bacteroidota	Bacteroidia	Bacteroidales	Muribaculaceae	NA	NA
ASV_78	Bacteria	Bacteroidota	Bacteroidia	Bacteroidales	Prevotellaceae	Prevotella_7	NA
ASV_79	Bacteria	Actinobacteriota	Actinobacteria	Corynebacteriales	Corynebacteriaceae	Corynebacterium	NA
ASV_80	Bacteria	Bacteroidota	Bacteroidia	Bacteroidales	Muribaculaceae	NA	NA
ASV_81	Bacteria	Bacteroidota	Bacteroidia	Bacteroidales	Muribaculaceae	NA	NA
ASV_82	Bacteria	Firmicutes	Clostridia	Lachnospirales	Lachnospiraceae	Lachnoclostridium	NA
ASV_83	Bacteria	Proteobacteria	Gammaproteobacteria	Pseudomonadales	Moraxellaceae	Enhydrobacter	aerosaccus
ASV_84	Bacteria	Proteobacteria	Alphaproteobacteria	Sphingomonadales	Sphingomonadaceae	Sphingobium	NA
ASV_85	Bacteria	Firmicutes	Bacilli	Staphylococcales	Staphylococcaceae	Staphylococcus	NA
ASV_86	Bacteria	Actinobacteriota	Actinobacteria	Corynebacteriales	Corynebacteriaceae	Corynebacterium	NA
ASV_87	Bacteria	Proteobacteria	Gammaproteobacteria	Enterobacterales	Pasteurellaceae	Actinobacillus	capsulatus
ASV_88	Bacteria	Bacteroidota	Bacteroidia	Bacteroidales	Porphyromonadaceae	Porphyromonas	uenonis
ASV_89	Bacteria	Bacteroidota	Bacteroidia	Bacteroidales	Muribaculaceae	NA	NA
ASV_90	Bacteria	Bacteroidota	Bacteroidia	Flavobacteriales	Weeksellaceae	Bergeyella	NA
ASV_91	Bacteria	Bacteroidota	Bacteroidia	Bacteroidales	Muribaculaceae	NA	NA
ASV_92	Bacteria	Bacteroidota	Bacteroidia	Bacteroidales	Porphyromonadaceae	Porphyromonas	somerae
ASV_93	Bacteria	Bacteroidota	Bacteroidia	Bacteroidales	Muribaculaceae	NA	NA
ASV_94	Bacteria	Bacteroidota	Bacteroidia	Bacteroidales	Muribaculaceae	NA	NA
ASV_95	Bacteria	Bacteroidota	Bacteroidia	Bacteroidales	Muribaculaceae	NA	NA
ASV_96	Bacteria	Bacteroidota	Bacteroidia	Bacteroidales	Muribaculaceae	NA	NA
ASV_97	Bacteria	Proteobacteria	Gammaproteobacteria	Enterobacterales	Pasteurellaceae	NA	NA
ASV_98	Bacteria	Firmicutes	Clostridia	Lachnospirales	Lachnospiraceae	NA	NA
ASV_99	Bacteria	Firmicutes	Clostridia	Lachnospirales	Lachnospiraceae	NA	NA
ASV_100	Bacteria	Firmicutes	Bacilli	Erysipelotrichales	Erysipelotrichaceae	NA	NA
ASV_101	Bacteria	Firmicutes	Bacilli	Erysipelotrichales	Erysipelotrichaceae	NA	NA
ASV_102	Bacteria	Firmicutes	Bacilli	Erysipelotrichales	Erysipelotrichaceae	Allobaculum	NA
ASV_103	Bacteria	Bacteroidota	Bacteroidia	Bacteroidales	Muribaculaceae	NA	NA
ASV_104	Bacteria	Bacteroidota	Bacteroidia	Bacteroidales	Muribaculaceae	NA	NA
ASV_105	Bacteria	Firmicutes	Clostridia	Peptococcales	Peptococcaceae	Peptococcus	niger
ASV_106	Bacteria	Firmicutes	Bacilli	Erysipelotrichales	Erysipelotrichaceae	Allobaculum	NA
ASV_107	Bacteria	Firmicutes	Clostridia	Clostridia UCG-014	NA	NA	NA
ASV_108	Bacteria	Fusobacteriota	Fusobacteriia	Fusobacteriales	Leptotrichiaceae	Leptotrichia	NA
ASV_109	Bacteria	Bacteroidota	Bacteroidia	Bacteroidales	Muribaculaceae	NA	NA
ASV_110	Bacteria	Firmicutes	Negativicutes	Veillonellales-Selenomonadales	Veillonellaceae	Dialister	NA
ASV_111	Bacteria	Bacteroidota	Bacteroidia	Bacteroidales	Prevotellaceae	Prevotella_7	NA
ASV_112	Bacteria	Bacteroidota	Bacteroidia	Bacteroidales	Muribaculaceae	NA	NA
ASV_113	Bacteria	Cyanobacteria	Cyanobacteriia	Chloroplast	NA	NA	NA
ASV_114	Bacteria	Bacteroidota	Bacteroidia	Bacteroidales	Muribaculaceae	NA	NA
ASV_115	Bacteria	Firmicutes	Negativicutes	Veillonellales-Selenomonadales	Veillonellaceae	Dialister	NA
ASV_116	Bacteria	Firmicutes	Bacilli	Erysipelotrichales	Erysipelotrichaceae	Allobaculum	NA
ASV_117	Bacteria	Fusobacteriota	Fusobacteriia	Fusobacteriales	Fusobacteriaceae	Fusobacterium	NA
ASV_118	Bacteria	Bacteroidota	Bacteroidia	Bacteroidales	Prevotellaceae	Prevotellaceae UCG-003	NA
ASV_119	Bacteria	Firmicutes	Clostridia	Eubacteriales	Eubacteriaceae	NA	NA
ASV_120	Bacteria	Proteobacteria	Gammaproteobacteria	Burkholderiales	Sutterellaceae	Sutterella	NA
ASV_121	Bacteria	Bacteroidota	Bacteroidia	Bacteroidales	Muribaculaceae	NA	NA
ASV_122	Bacteria	Firmicutes	Clostridia	Eubacteriales	Eubacteriaceae	NA	NA
ASV_123	Bacteria	Bacteroidota	Bacteroidia	Bacteroidales	Bacteroidaceae	Bacteroides	NA
ASV_124	Bacteria	Firmicutes	Clostridia	Peptostreptococcales-Tissierellales	Family XI	Fenollaria	NA
ASV_125	Bacteria	Firmicutes	Bacilli	Lactobacillales	Streptococcaceae	Streptococcus	NA
ASV_126	Bacteria	Bacteroidota	Bacteroidia	Bacteroidales	Muribaculaceae	NA	NA
ASV_127	Bacteria	Patescibacteria	Gracilibacteria	JGI 0000069-P22	NA	NA	NA
ASV_128	Bacteria	Elusimicrobiota	Elusimicrobia	Elusimicrobiales	Elusimicrobiaceae	Elusimicrobium	NA
ASV_129	Bacteria	Bacteroidota	Bacteroidia	Bacteroidales	Muribaculaceae	NA	NA
ASV_130	Bacteria	Actinobacteriota	Actinobacteria	Bifidobacteriales	Bifidobacteriaceae	Bifidobacterium	NA
ASV_131	Bacteria	Firmicutes	Clostridia	Peptostreptococcales-Tissierellales	Family XI	Ezakiella	NA
ASV_132	Bacteria	Firmicutes	Bacilli	Mycoplasmatales	Mycoplasmataceae	Mycoplasma	NA
ASV_133	Bacteria	Bacteroidota	Bacteroidia	Bacteroidales	Muribaculaceae	NA	NA
ASV_134	Bacteria	Firmicutes	Clostridia	Peptostreptococcales-Tissierellales	Family XI	Ezakiella	NA
ASV_135	Bacteria	Proteobacteria	Gammaproteobacteria	Enterobacterales	Enterobacteriaceae	Escherichia-Shigella	NA
ASV_136	Bacteria	Bacteroidota	Bacteroidia	Bacteroidales	Muribaculaceae	NA	NA
ASV_137	Bacteria	Bacteroidota	Bacteroidia	Bacteroidales	Muribaculaceae	NA	NA
ASV_138	Bacteria	Firmicutes	Negativicutes	Veillonellales-Selenomonadales	Veillonellaceae	Megasphaera	massiliensis
ASV_139	Bacteria	Firmicutes	Clostridia	Peptostreptococcales-Tissierellales	Family XI	Peptoniphilus	NA
ASV_140	Bacteria	Bacteroidota	Bacteroidia	Bacteroidales	Muribaculaceae	NA	NA
ASV_141	Bacteria	Bacteroidota	Bacteroidia	Bacteroidales	Muribaculaceae	NA	NA
ASV_142	Bacteria	Actinobacteriota	Actinobacteria	Corynebacteriales	Mycobacteriaceae	Mycobacterium	obuense
ASV_143	Bacteria	Bacteroidota	Bacteroidia	Bacteroidales	Muribaculaceae	NA	NA
ASV_144	Bacteria	Firmicutes	Bacilli	Lactobacillales	Carnobacteriaceae	Granulicatella	NA
ASV_145	Bacteria	Bacteroidota	Bacteroidia	Bacteroidales	Muribaculaceae	NA	NA
ASV_146	Bacteria	Bacteroidota	Bacteroidia	Bacteroidales	Muribaculaceae	NA	NA
ASV_147	Bacteria	Bacteroidota	Bacteroidia	Bacteroidales	Prevotellaceae	Prevotella	NA
ASV_148	Bacteria	Firmicutes	Clostridia	Oscillospirales	Ruminococcaceae	[Eubacterium] siraeum group	NA
ASV_149	Bacteria	Bacteroidota	Bacteroidia	Bacteroidales	Muribaculaceae	NA	NA
ASV_150	Bacteria	Firmicutes	Bacilli	Lactobacillales	Lactobacillaceae	HT002	NA
ASV_151	Bacteria	Bacteroidota	Bacteroidia	Flavobacteriales	Weeksellaceae	Bergeyella	NA
ASV_152	Bacteria	Bacteroidota	Bacteroidia	Bacteroidales	Prevotellaceae	Prevotella_7	NA
ASV_153	Bacteria	Bacteroidota	Bacteroidia	Bacteroidales	Muribaculaceae	NA	NA
ASV_154	Bacteria	Bacteroidota	Bacteroidia	Bacteroidales	Muribaculaceae	NA	NA
ASV_155	Bacteria	Bacteroidota	Bacteroidia	Bacteroidales	Muribaculaceae	NA	NA
ASV_156	Bacteria	Bacteroidota	Bacteroidia	Bacteroidales	Prevotellaceae	Prevotella_7	NA
ASV_157	Bacteria	Bacteroidota	Bacteroidia	Bacteroidales	Muribaculaceae	NA	NA
ASV_158	Bacteria	Bacteroidota	Bacteroidia	Bacteroidales	Muribaculaceae	NA	NA
ASV_159	Bacteria	Firmicutes	Clostridia	Lachnospirales	Lachnospiraceae	Lachnospiraceae NK4A136 group	NA
ASV_160	Bacteria	Firmicutes	Clostridia	Lachnospirales	Lachnospiraceae	NA	NA
ASV_161	Bacteria	Firmicutes	Clostridia	Lachnospirales	Lachnospiraceae	Lachnoclostridium	NA
ASV_162	Bacteria	Firmicutes	Clostridia	Lachnospirales	Lachnospiraceae	Lachnospiraceae NK4A136 group	NA
ASV_163	Bacteria	Firmicutes	Clostridia	Oscillospirales	Oscillospiraceae	Oscillibacter	NA
ASV_164	Bacteria	Fusobacteriota	Fusobacteriia	Fusobacteriales	Fusobacteriaceae	Fusobacterium	NA
ASV_165	Bacteria	Firmicutes	Clostridia	Oscillospirales	[Eubacterium] coprostanoligenes group	NA	NA
ASV_166	Bacteria	Firmicutes	Clostridia	Lachnospirales	Lachnospiraceae	Johnsonella	NA
ASV_167	Bacteria	Bacteroidota	Bacteroidia	Bacteroidales	Muribaculaceae	NA	NA
ASV_168	Bacteria	Firmicutes	Clostridia	Lachnospirales	Lachnospiraceae	Oribacterium	NA
ASV_169	Bacteria	Bacteroidota	Bacteroidia	Bacteroidales	Muribaculaceae	NA	NA
ASV_170	Bacteria	Firmicutes	Clostridia	Christensenellales	Christensenellaceae	NA	NA
ASV_171	Bacteria	Firmicutes	Clostridia	Clostridia UCG-014	NA	NA	NA
ASV_172	Bacteria	Firmicutes	Bacilli	Erysipelotrichales	Erysipelotrichaceae	Ileibacterium	NA
ASV_173	Bacteria	Campylobacterota	Campylobacteria	Campylobacterales	Helicobacteraceae	Helicobacter	NA
ASV_174	Bacteria	Bacteroidota	Bacteroidia	Bacteroidales	Muribaculaceae	NA	NA
ASV_175	Bacteria	Firmicutes	Bacilli	Lactobacillales	Streptococcaceae	Streptococcus	ferus
ASV_176	Bacteria	Proteobacteria	Gammaproteobacteria	Pseudomonadales	Moraxellaceae	Acinetobacter	NA
ASV_177	Bacteria	Actinobacteriota	Actinobacteria	Actinomycetales	Actinomycetaceae	Actinomyces	NA
ASV_178	Bacteria	Bacteroidota	Bacteroidia	Bacteroidales	Muribaculaceae	NA	NA
ASV_179	Bacteria	Bacteroidota	Bacteroidia	Bacteroidales	Bacteroidaceae	Bacteroides	NA
ASV_180	Bacteria	Proteobacteria	Gammaproteobacteria	Pseudomonadales	Moraxellaceae	Acinetobacter	NA
ASV_181	Bacteria	Firmicutes	Bacilli	Staphylococcales	Staphylococcaceae	Staphylococcus	NA
ASV_182	Bacteria	Firmicutes	Clostridia	Peptostreptococcales-Tissierellales	Family XI	Anaerococcus	NA
ASV_183	Bacteria	Firmicutes	Bacilli	Lactobacillales	Streptococcaceae	Streptococcus	NA
ASV_184	Bacteria	Firmicutes	Bacilli	Erysipelotrichales	Erysipelotrichaceae	Ileibacterium	NA
ASV_185	Bacteria	Firmicutes	Clostridia	Lachnospirales	Lachnospiraceae	Lachnospiraceae NK3A20 group	NA
ASV_186	Bacteria	Bacteroidota	Bacteroidia	Bacteroidales	Muribaculaceae	NA	NA
ASV_187	Bacteria	Bacteroidota	Bacteroidia	Bacteroidales	Muribaculaceae	Muribaculum	NA
ASV_188	Bacteria	Firmicutes	Bacilli	Erysipelotrichales	Erysipelotrichaceae	Ileibacterium	NA
ASV_189	Bacteria	Bacteroidota	Bacteroidia	Bacteroidales	Muribaculaceae	NA	NA
ASV_190	Bacteria	Actinobacteriota	Actinobacteria	Actinomycetales	Actinomycetaceae	NA	NA
ASV_191	Bacteria	Bacteroidota	Bacteroidia	Bacteroidales	Prevotellaceae	Prevotellaceae UCG-003	NA
ASV_192	Bacteria	Fibrobacterota	Fibrobacteria	Fibrobacterales	Fibrobacteraceae	Fibrobacter	succinogenes
ASV_193	Bacteria	Bacteroidota	Bacteroidia	Bacteroidales	Muribaculaceae	NA	NA
ASV_194	Bacteria	Firmicutes	Clostridia	Lachnospirales	Lachnospiraceae	Lachnospiraceae NK4A136 group	NA
ASV_195	Bacteria	Bacteroidota	Bacteroidia	Bacteroidales	Prevotellaceae	NA	NA
ASV_196	Bacteria	Firmicutes	Clostridia	Lachnospirales	Lachnospiraceae	Blautia	NA
ASV_197	Bacteria	Bacteroidota	Bacteroidia	Bacteroidales	Muribaculaceae	NA	NA
ASV_198	Bacteria	Bacteroidota	Bacteroidia	Bacteroidales	Muribaculaceae	NA	NA
ASV_199	Bacteria	Bacteroidota	Bacteroidia	Bacteroidales	Muribaculaceae	NA	NA
ASV_200	Bacteria	Bacteroidota	Bacteroidia	Bacteroidales	Muribaculaceae	NA	NA
ASV_201	Bacteria	Firmicutes	Negativicutes	Veillonellales-Selenomonadales	Veillonellaceae	NA	NA
ASV_202	Bacteria	Firmicutes	Clostridia	Lachnospirales	Lachnospiraceae	Lachnospiraceae NK4A136 group	NA
ASV_203	Bacteria	Firmicutes	Clostridia	Lachnospirales	Lachnospiraceae	NA	NA
ASV_204	Bacteria	Firmicutes	Clostridia	Oscillospirales	Oscillospiraceae	NK4A214 group	NA
ASV_205	Bacteria	Bacteroidota	Bacteroidia	Bacteroidales	Muribaculaceae	NA	NA
ASV_206	Bacteria	Bacteroidota	Bacteroidia	Bacteroidales	Muribaculaceae	NA	NA
ASV_207	Bacteria	Bacteroidota	Bacteroidia	Bacteroidales	Muribaculaceae	NA	NA
ASV_208	Bacteria	Firmicutes	Bacilli	Erysipelotrichales	Erysipelotrichaceae	Faecalibaculum	NA
ASV_209	Bacteria	Bacteroidota	Bacteroidia	Bacteroidales	Muribaculaceae	NA	NA
ASV_210	Bacteria	Bacteroidota	Bacteroidia	Bacteroidales	Muribaculaceae	NA	NA
ASV_211	Bacteria	Bacteroidota	Bacteroidia	Bacteroidales	Muribaculaceae	NA	NA
ASV_212	Bacteria	Firmicutes	Clostridia	Oscillospirales	Oscillospiraceae	UCG-003	NA
ASV_213	Bacteria	Firmicutes	Bacilli	Lactobacillales	Streptococcaceae	Streptococcus	NA
ASV_214	Bacteria	Firmicutes	Bacilli	Lactobacillales	NA	NA	NA
ASV_215	Bacteria	Firmicutes	Negativicutes	Veillonellales-Selenomonadales	Veillonellaceae	Veillonella	NA
ASV_216	Bacteria	Firmicutes	Clostridia	Peptostreptococcales-Tissierellales	Family XI	Ezakiella	NA
ASV_217	Bacteria	Bacteroidota	Bacteroidia	Bacteroidales	Muribaculaceae	NA	NA
ASV_218	Bacteria	Bacteroidota	Bacteroidia	Bacteroidales	Muribaculaceae	NA	NA
ASV_219	Bacteria	Firmicutes	Clostridia	Christensenellales	Christensenellaceae	NA	NA
ASV_220	Bacteria	Actinobacteriota	Actinobacteria	Actinomycetales	Actinomycetaceae	Actinomyces	cardiffensis
ASV_221	Bacteria	Cyanobacteria	Cyanobacteriia	Chloroplast	NA	NA	NA
ASV_222	Bacteria	Firmicutes	Clostridia	Peptostreptococcales-Tissierellales	Family XI	Peptoniphilus	NA
ASV_223	Bacteria	Firmicutes	Clostridia	Oscillospirales	Oscillospiraceae	Intestinimonas	NA
ASV_224	Bacteria	Bacteroidota	Bacteroidia	Bacteroidales	Muribaculaceae	NA	NA
ASV_225	Archaea	Halobacterota	Methanosarcinia	Methanosarciniales	Methanosarcinaceae	Methanimicrococcus	NA
ASV_226	Bacteria	Firmicutes	Negativicutes	Veillonellales-Selenomonadales	Veillonellaceae	Veillonella	NA
ASV_227	Bacteria	Actinobacteriota	Actinobacteria	Bifidobacteriales	Bifidobacteriaceae	Bifidobacterium	tsurumiense
ASV_228	Bacteria	Bacteroidota	Bacteroidia	Bacteroidales	Muribaculaceae	NA	NA
ASV_229	Bacteria	Firmicutes	Clostridia	Lachnospirales	Lachnospiraceae	Lachnospiraceae NK4A136 group	NA
ASV_230	Bacteria	Firmicutes	Bacilli	Erysipelotrichales	Erysipelotrichaceae	Allobaculum	NA
ASV_231	Bacteria	Bacteroidota	Bacteroidia	Bacteroidales	Muribaculaceae	NA	NA
ASV_232	Bacteria	Bacteroidota	Bacteroidia	Bacteroidales	Bacteroidales RF16 group	NA	NA
ASV_233	Bacteria	Proteobacteria	Alphaproteobacteria	Rickettsiales	NA	NA	NA
ASV_234	Bacteria	Bacteroidota	Bacteroidia	Bacteroidales	Porphyromonadaceae	Porphyromonas	NA
ASV_235	Bacteria	Firmicutes	Bacilli	Erysipelotrichales	Erysipelotrichaceae	Faecalibaculum	NA
ASV_236	Bacteria	Actinobacteriota	Actinobacteria	Bifidobacteriales	Bifidobacteriaceae	Bifidobacterium	NA
ASV_237	Bacteria	Firmicutes	Clostridia	Lachnospirales	Lachnospiraceae	Lachnospiraceae NK4A136 group	NA
ASV_238	Bacteria	Firmicutes	Clostridia	Lachnospirales	Lachnospiraceae	NA	NA
ASV_239	Bacteria	Firmicutes	Clostridia	Lachnospirales	Lachnospiraceae	NA	NA
ASV_240	Bacteria	Firmicutes	Clostridia	Eubacteriales	Eubacteriaceae	NA	NA
ASV_241	Bacteria	Bacteroidota	Bacteroidia	Bacteroidales	Prevotellaceae	Prevotella_7	NA
ASV_242	Bacteria	Bacteroidota	Bacteroidia	Bacteroidales	Prevotellaceae	Prevotella	NA
ASV_243	Bacteria	Bacteroidota	Bacteroidia	Bacteroidales	Muribaculaceae	NA	NA
ASV_244	Bacteria	Firmicutes	Clostridia	Lachnospirales	Lachnospiraceae	NA	NA
ASV_245	Bacteria	Firmicutes	Clostridia	Peptostreptococcales-Tissierellales	Family XI	Peptoniphilus	NA
ASV_246	Archaea	Euryarchaeota	Methanobacteria	Methanobacteriales	Methanobacteriaceae	Methanobrevibacter	NA
ASV_247	Bacteria	Firmicutes	Clostridia	Clostridiales	Clostridiaceae	Clostridium sensu stricto 8	NA
ASV_248	Bacteria	Actinobacteriota	Coriobacteriia	Coriobacteriales	Atopobiaceae	Olsenella	NA
ASV_249	Bacteria	Bacteroidota	Bacteroidia	Bacteroidales	Muribaculaceae	NA	NA
ASV_250	Bacteria	Firmicutes	Bacilli	Erysipelotrichales	Erysipelotrichaceae	Solobacterium	moorei
ASV_251	Bacteria	Bacteroidota	Bacteroidia	Bacteroidales	Muribaculaceae	NA	NA
ASV_252	Bacteria	Proteobacteria	Alphaproteobacteria	Rhodospirillales	NA	NA	NA
ASV_253	Bacteria	Firmicutes	Bacilli	Erysipelotrichales	Erysipelotrichaceae	Allobaculum	NA
ASV_254	Bacteria	Bacteroidota	Bacteroidia	Flavobacteriales	Weeksellaceae	Cloacibacterium	NA
ASV_255	Bacteria	Firmicutes	Bacilli	Erysipelotrichales	Erysipelotrichaceae	NA	NA
ASV_256	Bacteria	Firmicutes	Clostridia	Clostridia UCG-014	NA	NA	NA
ASV_257	Bacteria	Firmicutes	Clostridia	Peptostreptococcales-Tissierellales	Anaerovoracaceae	Family XIII AD3011 group	NA
ASV_258	Bacteria	Proteobacteria	Alphaproteobacteria	Rhodospirillales	NA	NA	NA
ASV_259	Bacteria	Bacteroidota	Bacteroidia	Bacteroidales	Muribaculaceae	NA	NA
ASV_260	Bacteria	Firmicutes	Clostridia	Lachnospirales	Lachnospiraceae	Roseburia	NA
ASV_261	Bacteria	Firmicutes	Clostridia	Lachnospirales	Lachnospiraceae	Lachnoclostridium	NA
ASV_262	Bacteria	Firmicutes	Bacilli	Lactobacillales	Streptococcaceae	Streptococcus	NA
ASV_263	Bacteria	Firmicutes	Bacilli	Erysipelotrichales	Erysipelotrichaceae	Faecalibaculum	NA
ASV_264	Bacteria	Firmicutes	Clostridia	Lachnospirales	Lachnospiraceae	NA	NA
ASV_265	Bacteria	Firmicutes	Clostridia	Peptostreptococcales-Tissierellales	Peptostreptococcaceae	Peptostreptococcus	NA
ASV_266	Bacteria	Firmicutes	Clostridia	Lachnospirales	Lachnospiraceae	Roseburia	NA
ASV_267	Bacteria	Firmicutes	Negativicutes	Veillonellales-Selenomonadales	Selenomonadaceae	Quinella	NA
ASV_268	Bacteria	Firmicutes	Clostridia	Lachnospirales	Lachnospiraceae	Roseburia	NA
ASV_269	Bacteria	Bacteroidota	Bacteroidia	Bacteroidales	Muribaculaceae	NA	NA
ASV_270	Bacteria	Firmicutes	Clostridia	Oscillospirales	Oscillospiraceae	UCG-005	NA
ASV_271	Bacteria	Firmicutes	Bacilli	Erysipelotrichales	Erysipelotrichaceae	NA	NA
ASV_272	Bacteria	Firmicutes	Clostridia	Eubacteriales	Eubacteriaceae	NA	NA
ASV_273	Bacteria	Firmicutes	Bacilli	Erysipelotrichales	Erysipelotrichaceae	Allobaculum	NA
ASV_274	Bacteria	Bacteroidota	Bacteroidia	Bacteroidales	Muribaculaceae	NA	NA
ASV_275	Bacteria	Proteobacteria	Alphaproteobacteria	Rickettsiales	Mitochondria	NA	NA
ASV_276	Bacteria	Proteobacteria	Gammaproteobacteria	Xanthomonadales	Xanthomonadaceae	Stenotrophomonas	maltophilia
ASV_277	Bacteria	Bacteroidota	Bacteroidia	Bacteroidales	Muribaculaceae	NA	NA
ASV_278	Bacteria	Firmicutes	Bacilli	Lactobacillales	Streptococcaceae	Streptococcus	NA
ASV_279	Bacteria	Firmicutes	Clostridia	Oscillospirales	Oscillospiraceae	Oscillibacter	NA
ASV_280	Bacteria	Campylobacterota	Campylobacteria	Campylobacterales	Campylobacteraceae	Campylobacter	hominis
ASV_281	Bacteria	Firmicutes	Clostridia	Clostridia UCG-014	NA	NA	NA
ASV_282	Bacteria	Bacteroidota	Bacteroidia	Bacteroidales	Bacteroidaceae	Bacteroides	NA
ASV_283	Bacteria	Firmicutes	Clostridia	Oscillospirales	Oscillospiraceae	NA	NA
ASV_284	Bacteria	Firmicutes	Clostridia	Oscillospirales	Butyricicoccaceae	UCG-009	NA
ASV_285	Bacteria	Bacteroidota	Bacteroidia	Bacteroidales	Muribaculaceae	NA	NA
ASV_286	Bacteria	Campylobacterota	Campylobacteria	Campylobacterales	Campylobacteraceae	Campylobacter	NA
ASV_287	Bacteria	Firmicutes	Clostridia	Lachnospirales	Lachnospiraceae	NA	NA
ASV_288	Bacteria	Firmicutes	Negativicutes	Veillonellales-Selenomonadales	Veillonellaceae	Veillonella	NA
ASV_289	Bacteria	Firmicutes	Clostridia	Lachnospirales	Lachnospiraceae	NA	NA
ASV_290	Bacteria	Firmicutes	Clostridia	Clostridia UCG-014	NA	NA	NA
ASV_291	Bacteria	Bacteroidota	Bacteroidia	Bacteroidales	Muribaculaceae	NA	NA
ASV_292	Bacteria	Bacteroidota	Bacteroidia	Bacteroidales	Muribaculaceae	NA	NA
ASV_293	Bacteria	Firmicutes	Clostridia	Lachnospirales	Lachnospiraceae	NA	NA
ASV_294	Bacteria	Firmicutes	Clostridia	Oscillospirales	Oscillospiraceae	Intestinimonas	NA
ASV_295	Bacteria	Firmicutes	Clostridia	Lachnospirales	Lachnospiraceae	Acetatifactor	NA
ASV_296	Bacteria	Firmicutes	Clostridia	Clostridia UCG-014	NA	NA	NA
ASV_297	Bacteria	Firmicutes	Clostridia	Lachnospirales	Lachnospiraceae	Lachnospiraceae NK3A20 group	NA
ASV_298	Bacteria	Firmicutes	Bacilli	Erysipelotrichales	Erysipelotrichaceae	Allobaculum	NA
ASV_299	Bacteria	Firmicutes	Clostridia	Clostridia vadinBB60 group	NA	NA	NA
ASV_300	Bacteria	Bacteroidota	Bacteroidia	Bacteroidales	Muribaculaceae	NA	NA
ASV_301	Bacteria	Proteobacteria	Alphaproteobacteria	Rhodospirillales	NA	NA	NA
ASV_302	Bacteria	Firmicutes	Bacilli	RF39	NA	NA	NA
ASV_303	Bacteria	Bacteroidota	Bacteroidia	Bacteroidales	Muribaculaceae	NA	NA
ASV_304	Bacteria	Firmicutes	Clostridia	Oscillospirales	UCG-010	NA	NA
ASV_305	Bacteria	Firmicutes	Clostridia	Lachnospirales	Lachnospiraceae	Acetatifactor	NA
ASV_306	Bacteria	Bacteroidota	Bacteroidia	Bacteroidales	Muribaculaceae	NA	NA
ASV_307	Bacteria	Bacteroidota	Bacteroidia	Bacteroidales	Rikenellaceae	Rikenellaceae RC9 gut group	NA
ASV_308	Bacteria	Firmicutes	Clostridia	Clostridia UCG-014	NA	NA	NA
ASV_309	Bacteria	Firmicutes	Clostridia	Lachnospirales	Lachnospiraceae	Lachnospiraceae NK4A136 group	NA
ASV_310	Bacteria	Firmicutes	Bacilli	Lactobacillales	NA	NA	NA
ASV_311	Bacteria	Firmicutes	Clostridia	Eubacteriales	Eubacteriaceae	NA	NA
ASV_312	Bacteria	Bacteroidota	Bacteroidia	Bacteroidales	Prevotellaceae	Prevotellaceae UCG-001	NA
ASV_313	Bacteria	Firmicutes	Clostridia	Oscillospirales	Oscillospiraceae	UCG-005	NA
ASV_314	Bacteria	Bacteroidota	Bacteroidia	Bacteroidales	Muribaculaceae	NA	NA
ASV_315	Bacteria	Firmicutes	Bacilli	Erysipelotrichales	Erysipelotrichaceae	NA	NA
ASV_316	Bacteria	Bacteroidota	Bacteroidia	Bacteroidales	Prevotellaceae	Prevotella	buccalis
ASV_317	Bacteria	Firmicutes	Clostridia	Lachnospirales	Lachnospiraceae	Lachnospiraceae NK4A136 group	NA
ASV_318	Bacteria	Firmicutes	Clostridia	Lachnospirales	Lachnospiraceae	Lachnospiraceae NK4A136 group	NA
ASV_319	Bacteria	Firmicutes	Bacilli	Erysipelotrichales	Erysipelotrichaceae	NA	NA
ASV_320	Bacteria	Actinobacteriota	Actinobacteria	Corynebacteriales	Corynebacteriaceae	Corynebacterium	NA
ASV_321	Bacteria	Firmicutes	Clostridia	Oscillospirales	Ruminococcaceae	NA	NA
ASV_322	Bacteria	Proteobacteria	Gammaproteobacteria	Pseudomonadales	Moraxellaceae	Moraxella	NA
ASV_323	Bacteria	Firmicutes	Clostridia	Clostridia UCG-014	NA	NA	NA
ASV_324	Bacteria	Firmicutes	Clostridia	Lachnospirales	Lachnospiraceae	NA	NA
ASV_325	Bacteria	Firmicutes	Clostridia	Lachnospirales	Lachnospiraceae	Lachnospiraceae UCG-001	NA
ASV_326	Bacteria	Firmicutes	Clostridia	Oscillospirales	Oscillospiraceae	Colidextribacter	NA
ASV_327	Bacteria	Firmicutes	Clostridia	Oscillospirales	Oscillospiraceae	Intestinimonas	NA
ASV_328	Bacteria	Firmicutes	Bacilli	Erysipelotrichales	Erysipelatoclostridiaceae	Sharpea	azabuensis
ASV_329	Bacteria	Bacteroidota	Bacteroidia	Bacteroidales	Porphyromonadaceae	Porphyromonas	NA
ASV_330	Bacteria	Firmicutes	Clostridia	Oscillospirales	Oscillospiraceae	Intestinimonas	NA
ASV_331	Bacteria	Firmicutes	Clostridia	Lachnospirales	Lachnospiraceae	NA	NA
ASV_332	Bacteria	Firmicutes	Bacilli	Erysipelotrichales	Erysipelotrichaceae	Faecalibaculum	NA
ASV_333	Bacteria	Bacteroidota	Bacteroidia	Bacteroidales	Rikenellaceae	Alistipes	NA
ASV_334	Bacteria	Bacteroidota	Bacteroidia	Bacteroidales	Muribaculaceae	NA	NA
ASV_335	Bacteria	Bacteroidota	Bacteroidia	Bacteroidales	Muribaculaceae	NA	NA
ASV_336	Bacteria	Firmicutes	Clostridia	Lachnospirales	Lachnospiraceae	NA	NA
ASV_337	Bacteria	Spirochaetota	Spirochaetia	Spirochaetales	Spirochaetaceae	Treponema	NA
ASV_338	Bacteria	Firmicutes	Clostridia	Lachnospirales	Lachnospiraceae	NA	NA
ASV_339	Bacteria	Bacteroidota	Bacteroidia	Bacteroidales	Muribaculaceae	NA	NA
ASV_340	Bacteria	Firmicutes	Clostridia	Lachnospirales	Lachnospiraceae	Roseburia	NA
ASV_341	Bacteria	Firmicutes	Negativicutes	Veillonellales-Selenomonadales	Veillonellaceae	Veillonella	NA
ASV_342	Bacteria	Firmicutes	Bacilli	RF39	NA	NA	NA
ASV_343	Bacteria	Firmicutes	Bacilli	Thermoactinomycetales	Thermoactinomycetaceae	Thermoactinomyces	vulgaris
ASV_344	Bacteria	Firmicutes	Clostridia	Oscillospirales	Oscillospiraceae	Oscillibacter	NA
ASV_345	Bacteria	Firmicutes	Clostridia	Oscillospirales	Oscillospiraceae	Intestinimonas	NA
ASV_346	Bacteria	Bacteroidota	Bacteroidia	Bacteroidales	Bacteroidaceae	Bacteroides	NA
ASV_347	Bacteria	Bacteroidota	Bacteroidia	Bacteroidales	Prevotellaceae	Prevotella	NA
ASV_348	Bacteria	Firmicutes	Clostridia	Lachnospirales	Lachnospiraceae	Lachnospiraceae NK4A136 group	NA
ASV_349	Bacteria	Firmicutes	Clostridia	Lachnospirales	Lachnospiraceae	Lachnospiraceae NK4A136 group	NA
ASV_350	Bacteria	Bacteroidota	Bacteroidia	Bacteroidales	Muribaculaceae	NA	NA
ASV_351	Bacteria	Firmicutes	Clostridia	Lachnospirales	Lachnospiraceae	Lachnospiraceae NK4A136 group	NA
ASV_352	Bacteria	Firmicutes	Clostridia	Lachnospirales	Lachnospiraceae	Lachnospiraceae UCG-001	NA
ASV_353	Bacteria	Proteobacteria	Gammaproteobacteria	Pseudomonadales	Pseudomonadaceae	Pseudomonas	NA
ASV_354	Bacteria	Fusobacteriota	Fusobacteriia	Fusobacteriales	Fusobacteriaceae	Fusobacterium	NA
ASV_355	Bacteria	Firmicutes	Clostridia	Lachnospirales	Lachnospiraceae	NA	NA
ASV_356	Bacteria	Firmicutes	Clostridia	Lachnospirales	Lachnospiraceae	NA	NA
ASV_357	Bacteria	Actinobacteriota	Actinobacteria	Corynebacteriales	Mycobacteriaceae	Mycobacterium	NA
ASV_358	Bacteria	Firmicutes	Bacilli	Erysipelotrichales	Erysipelotrichaceae	Allobaculum	NA
ASV_359	Bacteria	Firmicutes	Clostridia	Lachnospirales	Lachnospiraceae	Lachnospiraceae NK4A136 group	NA
ASV_360	Bacteria	Actinobacteriota	Coriobacteriia	Coriobacteriales	Coriobacteriaceae	Collinsella	NA
ASV_361	Bacteria	Actinobacteriota	Actinobacteria	Actinomycetales	Actinomycetaceae	NA	NA
ASV_362	Bacteria	Proteobacteria	Gammaproteobacteria	Burkholderiales	Comamonadaceae	Aquabacterium	NA
ASV_363	Bacteria	Actinobacteriota	Actinobacteria	Actinomycetales	Actinomycetaceae	Actinomyces	NA
ASV_364	Bacteria	Firmicutes	Clostridia	Oscillospirales	Oscillospiraceae	Colidextribacter	NA
ASV_365	Bacteria	Firmicutes	Clostridia	Lachnospirales	Lachnospiraceae	NA	NA
ASV_366	Bacteria	Bacteroidota	Bacteroidia	Bacteroidales	Muribaculaceae	NA	NA
ASV_367	Bacteria	Firmicutes	Clostridia	Oscillospirales	Oscillospiraceae	NA	NA
ASV_368	Bacteria	Bacteroidota	Bacteroidia	Bacteroidales	Muribaculaceae	NA	NA
ASV_369	Bacteria	Synergistota	Synergistia	Synergistales	Synergistaceae	Jonquetella	anthropi
ASV_370	Bacteria	Firmicutes	Clostridia	Oscillospirales	Ruminococcaceae	NA	NA
ASV_371	Bacteria	Firmicutes	Clostridia	Oscillospirales	Ruminococcaceae	[Eubacterium] siraeum group	NA
ASV_372	Bacteria	Firmicutes	Clostridia	Peptostreptococcales-Tissierellales	Family XI	Murdochiella	NA
ASV_373	Bacteria	Firmicutes	Clostridia	Oscillospirales	Ruminococcaceae	NA	NA
ASV_374	Bacteria	Actinobacteriota	Actinobacteria	Actinomycetales	Actinomycetaceae	NA	NA
ASV_375	Bacteria	Firmicutes	Clostridia	Oscillospirales	Ruminococcaceae	Ruminococcus	NA
ASV_376	Bacteria	Bacteroidota	Bacteroidia	Bacteroidales	Muribaculaceae	NA	NA
ASV_377	Bacteria	Firmicutes	Bacilli	Staphylococcales	Staphylococcaceae	Staphylococcus	NA
ASV_378	Bacteria	Bacteroidota	Bacteroidia	Bacteroidales	Muribaculaceae	NA	NA
ASV_379	Bacteria	Firmicutes	Clostridia	Clostridia UCG-014	NA	NA	NA
ASV_380	Bacteria	Cyanobacteria	Cyanobacteriia	Chloroplast	NA	NA	NA
ASV_381	Bacteria	Firmicutes	Bacilli	Lactobacillales	Streptococcaceae	Streptococcus	NA
ASV_382	Bacteria	Actinobacteriota	Coriobacteriia	Coriobacteriales	Coriobacteriaceae	Collinsella	vaginalis
ASV_383	Bacteria	Bacteroidota	Bacteroidia	Bacteroidales	Muribaculaceae	NA	NA
ASV_384	Bacteria	Firmicutes	Bacilli	Erysipelotrichales	Erysipelotrichaceae	Ileibacterium	NA
ASV_385	Bacteria	Firmicutes	Bacilli	Erysipelotrichales	Erysipelotrichaceae	Ileibacterium	NA
ASV_386	Bacteria	Bacteroidota	Bacteroidia	Bacteroidales	Muribaculaceae	NA	NA
ASV_387	Bacteria	Bacteroidota	Bacteroidia	Bacteroidales	Muribaculaceae	NA	NA
ASV_388	Bacteria	Firmicutes	Bacilli	Erysipelotrichales	Erysipelotrichaceae	Ileibacterium	NA
ASV_389	Bacteria	Firmicutes	Clostridia	Oscillospirales	Ruminococcaceae	NA	NA
ASV_390	Bacteria	Firmicutes	Clostridia	Lachnospirales	Lachnospiraceae	Lachnospiraceae NK4A136 group	NA
ASV_391	Bacteria	Proteobacteria	Alphaproteobacteria	Rhodospirillales	NA	NA	NA
ASV_392	Bacteria	Firmicutes	Bacilli	Staphylococcales	Staphylococcaceae	Staphylococcus	NA
ASV_393	Bacteria	Firmicutes	Clostridia	Lachnospirales	Lachnospiraceae	GCA-900066755	NA
ASV_394	Bacteria	Bacteroidota	Bacteroidia	Bacteroidales	Muribaculaceae	NA	NA
ASV_395	Bacteria	Proteobacteria	Alphaproteobacteria	NA	NA	NA	NA
ASV_396	Bacteria	Firmicutes	Clostridia	Christensenellales	Christensenellaceae	Christensenellaceae R-7 group	NA
ASV_397	Bacteria	Firmicutes	Clostridia	Lachnospirales	Lachnospiraceae	NA	NA
ASV_398	Bacteria	Firmicutes	Clostridia	Christensenellales	Christensenellaceae	NA	NA
ASV_399	Bacteria	Firmicutes	Clostridia	Christensenellales	Christensenellaceae	NA	NA
ASV_400	Bacteria	Bacteroidota	Bacteroidia	Bacteroidales	Muribaculaceae	NA	NA
ASV_401	Bacteria	Bacteroidota	Bacteroidia	Bacteroidales	Muribaculaceae	NA	NA
ASV_402	Bacteria	Firmicutes	Clostridia	Lachnospirales	Lachnospiraceae	NA	NA
ASV_403	Bacteria	Bacteroidota	Bacteroidia	Bacteroidales	Muribaculaceae	NA	NA
ASV_404	Bacteria	Bacteroidota	Bacteroidia	Bacteroidales	Muribaculaceae	NA	NA
ASV_405	Bacteria	Bacteroidota	Bacteroidia	Bacteroidales	Muribaculaceae	NA	NA
ASV_406	Bacteria	Firmicutes	Clostridia	Lachnospirales	Lachnospiraceae	NA	NA
ASV_407	Bacteria	Actinobacteriota	Actinobacteria	Corynebacteriales	Corynebacteriaceae	Lawsonella	clevelandensis
ASV_408	Bacteria	Firmicutes	Bacilli	RF39	NA	NA	NA
ASV_409	Bacteria	Proteobacteria	Alphaproteobacteria	Rhizobiales	Rhizobiaceae	NA	NA
ASV_410	Bacteria	Firmicutes	Clostridia	Oscillospirales	Oscillospiraceae	Colidextribacter	NA
ASV_411	Bacteria	Firmicutes	Clostridia	Oscillospirales	Oscillospiraceae	NA	NA
ASV_412	Bacteria	Proteobacteria	Gammaproteobacteria	Burkholderiales	Comamonadaceae	NA	NA
ASV_413	Bacteria	Firmicutes	Clostridia	Oscillospirales	Oscillospiraceae	Oscillibacter	NA
ASV_414	Bacteria	Firmicutes	Clostridia	Oscillospirales	Ruminococcaceae	Ruminococcus	NA
ASV_415	Bacteria	Bacteroidota	Bacteroidia	Bacteroidales	Muribaculaceae	NA	NA
ASV_416	Bacteria	Firmicutes	Clostridia	Christensenellales	Christensenellaceae	Christensenellaceae R-7 group	NA
ASV_417	Bacteria	Proteobacteria	Gammaproteobacteria	Xanthomonadales	Xanthomonadaceae	Stenotrophomonas	NA
ASV_418	Bacteria	Firmicutes	Clostridia	Lachnospirales	Lachnospiraceae	NA	NA
ASV_419	Bacteria	Proteobacteria	Gammaproteobacteria	Burkholderiales	Burkholderiaceae	Burkholderia-Caballeronia-Paraburkholderia	NA
ASV_420	Bacteria	Bacteroidota	Bacteroidia	Bacteroidales	Muribaculaceae	NA	NA
ASV_421	Bacteria	Bacteroidota	Bacteroidia	Bacteroidales	Muribaculaceae	NA	NA
ASV_422	Bacteria	Firmicutes	Bacilli	RF39	NA	NA	NA
ASV_423	Bacteria	Firmicutes	Clostridia	Lachnospirales	Lachnospiraceae	Lachnospiraceae UCG-001	NA
ASV_424	Bacteria	Firmicutes	Clostridia	Lachnospirales	Lachnospiraceae	NA	NA
ASV_425	Bacteria	Actinobacteriota	Actinobacteria	Actinomycetales	Actinomycetaceae	Varibaculum	NA
ASV_426	Bacteria	Firmicutes	Clostridia	Peptostreptococcales-Tissierellales	Peptostreptococcaceae	Romboutsia	NA
ASV_427	Bacteria	Cyanobacteria	Vampirivibrionia	Caenarcaniphilales	NA	NA	NA
ASV_428	Bacteria	Firmicutes	Clostridia	Lachnospirales	Lachnospiraceae	NA	NA
ASV_429	Bacteria	Firmicutes	Clostridia	Oscillospirales	Ruminococcaceae	UBA1819	NA
ASV_430	Bacteria	Firmicutes	Clostridia	Lachnospirales	Lachnospiraceae	NA	NA
ASV_431	Bacteria	Firmicutes	Clostridia	Oscillospirales	Oscillospiraceae	NA	NA
ASV_432	Bacteria	Desulfobacterota	Desulfovibrionia	Desulfovibrionales	Desulfovibrionaceae	Desulfovibrio	NA
ASV_433	Bacteria	Firmicutes	Bacilli	Erysipelotrichales	Erysipelotrichaceae	NA	NA
ASV_434	Bacteria	Fusobacteriota	Fusobacteriia	Fusobacteriales	Fusobacteriaceae	Fusobacterium	NA
ASV_435	Bacteria	Actinobacteriota	Coriobacteriia	Coriobacteriales	NA	NA	NA
ASV_436	Bacteria	Bacteroidota	Bacteroidia	Bacteroidales	Muribaculaceae	NA	NA
ASV_437	Bacteria	Firmicutes	Clostridia	Clostridia UCG-014	NA	NA	NA
ASV_438	Bacteria	Firmicutes	Clostridia	Peptostreptococcales-Tissierellales	Family XI	Anaerococcus	NA
ASV_439	Bacteria	Firmicutes	Clostridia	Oscillospirales	Ruminococcaceae	Incertae Sedis	NA
ASV_440	Bacteria	Actinobacteriota	Actinobacteria	Actinomycetales	Actinomycetaceae	Varibaculum	NA
ASV_441	Bacteria	Cyanobacteria	Vampirivibrionia	Gastranaerophilales	NA	NA	NA
ASV_442	Bacteria	Proteobacteria	Alphaproteobacteria	Rickettsiales	Mitochondria	NA	NA
ASV_443	Bacteria	Firmicutes	Clostridia	Lachnospirales	Lachnospiraceae	NA	NA
ASV_444	Bacteria	Actinobacteriota	Actinobacteria	Bifidobacteriales	Bifidobacteriaceae	NA	NA
ASV_445	Bacteria	Firmicutes	Bacilli	Erysipelotrichales	Erysipelotrichaceae	Allobaculum	NA
ASV_446	Bacteria	Actinobacteriota	Coriobacteriia	Coriobacteriales	Atopobiaceae	Olsenella	NA
ASV_447	Bacteria	Desulfobacterota	Desulfovibrionia	Desulfovibrionales	Desulfovibrionaceae	Desulfovibrio	NA
ASV_448	Bacteria	Bacteroidota	Bacteroidia	Bacteroidales	Muribaculaceae	NA	NA
ASV_449	Bacteria	Firmicutes	Clostridia	Lachnospirales	Lachnospiraceae	NA	NA
ASV_450	Bacteria	Firmicutes	Clostridia	Lachnospirales	Lachnospiraceae	Lachnoclostridium	NA
ASV_451	Bacteria	Firmicutes	Clostridia	Lachnospirales	Lachnospiraceae	NA	NA
ASV_452	Bacteria	Firmicutes	Clostridia	Lachnospirales	Lachnospiraceae	NA	NA
ASV_453	Bacteria	Firmicutes	Clostridia	Oscillospirales	Oscillospiraceae	Oscillospira	NA
ASV_454	Bacteria	Firmicutes	Clostridia	Lachnospirales	Lachnospiraceae	GCA-900066575	NA
ASV_455	Bacteria	Firmicutes	Clostridia	Christensenellales	Christensenellaceae	NA	NA
ASV_456	Bacteria	Desulfobacterota	Desulfovibrionia	Desulfovibrionales	Desulfovibrionaceae	Desulfovibrio	NA
ASV_457	Bacteria	Firmicutes	Clostridia	Lachnospirales	Lachnospiraceae	NA	NA
ASV_458	Bacteria	Bacteroidota	Bacteroidia	Bacteroidales	Bacteroidaceae	Bacteroides	NA
ASV_459	Bacteria	Bacteroidota	Bacteroidia	Bacteroidales	Porphyromonadaceae	Porphyromonas	NA
ASV_460	Bacteria	Firmicutes	Bacilli	RF39	NA	NA	NA
ASV_461	Bacteria	Firmicutes	Clostridia	Eubacteriales	Eubacteriaceae	NA	NA
ASV_462	Bacteria	Firmicutes	Clostridia	Lachnospirales	Lachnospiraceae	NA	NA
ASV_463	Bacteria	Firmicutes	Bacilli	Erysipelotrichales	Erysipelotrichaceae	Allobaculum	NA
ASV_464	Bacteria	Firmicutes	Clostridia	Lachnospirales	Lachnospiraceae	Acetatifactor	NA
ASV_465	Bacteria	Firmicutes	Clostridia	Oscillospirales	Oscillospiraceae	Colidextribacter	NA
ASV_466	Bacteria	Bacteroidota	Bacteroidia	Bacteroidales	Muribaculaceae	NA	NA
ASV_467	Bacteria	Firmicutes	Clostridia	Clostridia vadinBB60 group	NA	NA	NA
ASV_468	Bacteria	Firmicutes	Clostridia	Clostridia UCG-014	NA	NA	NA
ASV_469	Bacteria	Bacteroidota	Bacteroidia	Bacteroidales	Prevotellaceae	Prevotellaceae UCG-003	NA
ASV_470	Bacteria	Actinobacteriota	Actinobacteria	Bifidobacteriales	Bifidobacteriaceae	Alloscardovia	criceti
ASV_471	Bacteria	Firmicutes	Bacilli	Lactobacillales	Streptococcaceae	Streptococcus	NA
ASV_472	Bacteria	Fusobacteriota	Fusobacteriia	Fusobacteriales	Leptotrichiaceae	Leptotrichia	NA
ASV_473	Bacteria	Proteobacteria	Alphaproteobacteria	Rhodospirillales	NA	NA	NA
ASV_474	Bacteria	Bacteroidota	Bacteroidia	Bacteroidales	Muribaculaceae	NA	NA
ASV_475	Bacteria	Firmicutes	Clostridia	Peptostreptococcales-Tissierellales	Family XI	Peptoniphilus	NA
ASV_476	Bacteria	Firmicutes	Clostridia	Eubacteriales	Eubacteriaceae	NA	NA
ASV_477	Bacteria	Bacteroidota	Bacteroidia	Flavobacteriales	Weeksellaceae	Cloacibacterium	haliotis
ASV_478	Bacteria	Firmicutes	Clostridia	Lachnospirales	Lachnospiraceae	Acetatifactor	NA
ASV_479	Bacteria	Firmicutes	Clostridia	Lachnospirales	Lachnospiraceae	Roseburia	NA
ASV_480	Bacteria	Spirochaetota	Spirochaetia	Spirochaetales	Spirochaetaceae	Treponema	NA
ASV_481	Bacteria	Firmicutes	Negativicutes	Veillonellales-Selenomonadales	Veillonellaceae	Veillonella	NA
ASV_482	Bacteria	Fusobacteriota	Fusobacteriia	Fusobacteriales	Fusobacteriaceae	Fusobacterium	NA
ASV_483	Bacteria	Desulfobacterota	Desulfovibrionia	Desulfovibrionales	Desulfovibrionaceae	Desulfovibrio	NA
ASV_484	Bacteria	Actinobacteriota	Actinobacteria	Corynebacteriales	Mycobacteriaceae	Mycobacterium	NA
ASV_485	Bacteria	Firmicutes	Clostridia	Clostridia UCG-014	NA	NA	NA
ASV_486	Bacteria	Actinobacteriota	Actinobacteria	Corynebacteriales	Nocardiaceae	Rhodococcus	NA
ASV_487	Bacteria	Bacteroidota	Bacteroidia	Bacteroidales	Muribaculaceae	NA	NA
ASV_488	Bacteria	Proteobacteria	Gammaproteobacteria	Enterobacterales	Pasteurellaceae	NA	NA
ASV_489	Bacteria	Firmicutes	Clostridia	Lachnospirales	Lachnospiraceae	NA	NA
ASV_490	Bacteria	Actinobacteriota	Actinobacteria	Corynebacteriales	Corynebacteriaceae	Corynebacterium	NA
ASV_491	Bacteria	Firmicutes	Clostridia	Lachnospirales	Lachnospiraceae	NA	NA
ASV_492	Bacteria	Bacteroidota	Bacteroidia	Bacteroidales	Muribaculaceae	NA	NA
ASV_493	Bacteria	Proteobacteria	Gammaproteobacteria	Enterobacterales	Pasteurellaceae	Haemophilus	NA
ASV_494	Bacteria	Bacteroidota	Bacteroidia	Bacteroidales	Prevotellaceae	Prevotellaceae UCG-003	NA
ASV_495	Bacteria	Firmicutes	Clostridia	Oscillospirales	Oscillospiraceae	Oscillospira	NA
ASV_496	Bacteria	Firmicutes	Clostridia	Oscillospirales	Oscillospiraceae	UCG-003	NA
ASV_497	Bacteria	Proteobacteria	Gammaproteobacteria	Burkholderiales	TRA3-20	NA	NA
ASV_498	Bacteria	Actinobacteriota	Coriobacteriia	Coriobacteriales	Atopobiaceae	Coriobacteriaceae UCG-002	NA
ASV_499	Bacteria	Bacteroidota	Bacteroidia	Bacteroidales	Rikenellaceae	Alistipes	NA
ASV_500	Bacteria	Bacteroidota	Bacteroidia	Bacteroidales	Tannerellaceae	Parabacteroides	NA
ASV_501	Bacteria	Firmicutes	Clostridia	Lachnospirales	Lachnospiraceae	NA	NA
ASV_502	Bacteria	Firmicutes	Clostridia	Oscillospirales	Ruminococcaceae	Harryflintia	NA
ASV_503	Bacteria	Bacteroidota	Bacteroidia	Bacteroidales	Muribaculaceae	NA	NA
ASV_504	Bacteria	Bacteroidota	Bacteroidia	Bacteroidales	Muribaculaceae	NA	NA
ASV_505	Bacteria	Bacteroidota	Bacteroidia	Bacteroidales	Muribaculaceae	NA	NA
ASV_506	Bacteria	Firmicutes	Clostridia	Peptostreptococcales-Tissierellales	Family XI	Fenollaria	NA
ASV_507	Bacteria	Firmicutes	Clostridia	Clostridia vadinBB60 group	NA	NA	NA
ASV_508	Bacteria	Firmicutes	Clostridia	Lachnospirales	Lachnospiraceae	NA	NA
ASV_509	Bacteria	Firmicutes	Clostridia	Lachnospirales	Lachnospiraceae	[Ruminococcus] torques group	NA
ASV_510	Bacteria	Deferribacterota	Deferribacteres	Deferribacterales	Deferribacteraceae	Mucispirillum	NA
ASV_511	Bacteria	Firmicutes	Clostridia	Peptostreptococcales-Tissierellales	Anaerovoracaceae	S5-A14a	NA
ASV_512	Bacteria	Firmicutes	Bacilli	Lactobacillales	Streptococcaceae	Streptococcus	merionis
ASV_513	Bacteria	Firmicutes	Clostridia	Lachnospirales	Lachnospiraceae	NA	NA
ASV_514	Bacteria	Actinobacteriota	Coriobacteriia	Coriobacteriales	Eggerthellaceae	NA	NA
ASV_515	Bacteria	Firmicutes	Clostridia	Lachnospirales	Lachnospiraceae	Moryella	NA
ASV_516	Bacteria	Actinobacteriota	Actinobacteria	Corynebacteriales	Corynebacteriaceae	Corynebacterium	NA
ASV_517	Bacteria	Firmicutes	Bacilli	Lactobacillales	Aerococcaceae	NA	NA
ASV_518	Bacteria	Firmicutes	Clostridia	Lachnospirales	Lachnospiraceae	Lachnospiraceae NK4A136 group	NA
ASV_519	Bacteria	Firmicutes	Clostridia	Lachnospirales	Lachnospiraceae	Lachnospiraceae NK4A136 group	NA
ASV_520	Bacteria	Firmicutes	Clostridia	Lachnospirales	Lachnospiraceae	Roseburia	NA
ASV_521	Bacteria	Firmicutes	Clostridia	Oscillospirales	Oscillospiraceae	NA	NA
ASV_522	Bacteria	Proteobacteria	Gammaproteobacteria	Burkholderiales	Oxalobacteraceae	Duganella	zoogloeoides
ASV_523	Bacteria	Firmicutes	Clostridia	Oscillospirales	Ruminococcaceae	NA	NA
ASV_524	Bacteria	Firmicutes	Clostridia	Oscillospirales	Oscillospiraceae	Oscillibacter	NA
ASV_525	Bacteria	Firmicutes	Clostridia	Lachnospirales	Lachnospiraceae	Lachnospiraceae NK4A136 group	NA
ASV_526	Bacteria	Campylobacterota	Campylobacteria	Campylobacterales	Helicobacteraceae	Helicobacter	aurati
ASV_527	Bacteria	Firmicutes	Bacilli	Lactobacillales	Streptococcaceae	Streptococcus	NA
ASV_528	Bacteria	Firmicutes	Clostridia	Lachnospirales	Lachnospiraceae	NA	NA
ASV_529	Bacteria	Bacteroidota	Bacteroidia	Bacteroidales	Prevotellaceae	Prevotellaceae UCG-003	NA
ASV_530	Bacteria	Firmicutes	Clostridia	Lachnospirales	Lachnospiraceae	[Ruminococcus] torques group	NA
ASV_531	Bacteria	Actinobacteriota	Coriobacteriia	Coriobacteriales	Atopobiaceae	Atopobium	NA
ASV_532	Bacteria	Firmicutes	Clostridia	Oscillospirales	Ruminococcaceae	NA	NA
ASV_533	Bacteria	Bacteroidota	Bacteroidia	Bacteroidales	Bacteroidaceae	Bacteroides	NA
ASV_534	Bacteria	Bacteroidota	Bacteroidia	Bacteroidales	Muribaculaceae	NA	NA
ASV_535	Bacteria	Firmicutes	Clostridia	Oscillospirales	Ruminococcaceae	Ruminococcus	NA
ASV_536	Bacteria	Firmicutes	Clostridia	Oscillospirales	Hungateiclostridiaceae	NA	NA
ASV_537	Bacteria	Firmicutes	Clostridia	Lachnospirales	Lachnospiraceae	Lachnospiraceae NK4A136 group	NA
ASV_538	Bacteria	Firmicutes	Clostridia	Lachnospirales	Lachnospiraceae	NA	NA
ASV_539	Bacteria	Actinobacteriota	Actinobacteria	Actinomycetales	Actinomycetaceae	Actinomyces	NA
ASV_540	Bacteria	Firmicutes	Clostridia	Lachnospirales	Lachnospiraceae	Lachnospiraceae NK4A136 group	NA
ASV_541	Bacteria	Bacteroidota	Bacteroidia	Bacteroidales	Muribaculaceae	NA	NA
ASV_542	Bacteria	Firmicutes	Clostridia	Clostridiales	Clostridiaceae	Clostridium sensu stricto 1	NA
ASV_543	Bacteria	Bacteroidota	Bacteroidia	Bacteroidales	Muribaculaceae	NA	NA
ASV_544	Bacteria	Cyanobacteria	Vampirivibrionia	Gastranaerophilales	NA	NA	NA
ASV_545	Bacteria	Bacteroidota	Bacteroidia	Bacteroidales	Muribaculaceae	NA	NA
ASV_546	Bacteria	Bacteroidota	Bacteroidia	Bacteroidales	Muribaculaceae	NA	NA
ASV_547	Bacteria	Firmicutes	Clostridia	Lachnospirales	Lachnospiraceae	GCA-900066575	NA
ASV_548	Bacteria	Firmicutes	Clostridia	Clostridia vadinBB60 group	NA	NA	NA
ASV_549	Bacteria	Firmicutes	Clostridia	Lachnospirales	Lachnospiraceae	Roseburia	NA
ASV_550	Bacteria	Fusobacteriota	Fusobacteriia	Fusobacteriales	Fusobacteriaceae	Fusobacterium	NA
ASV_551	Bacteria	Bacteroidota	Bacteroidia	Bacteroidales	Muribaculaceae	NA	NA
ASV_552	Bacteria	Proteobacteria	Alphaproteobacteria	Sphingomonadales	Sphingomonadaceae	Sphingobium	NA
ASV_553	Bacteria	Firmicutes	Clostridia	Oscillospirales	Ruminococcaceae	Incertae Sedis	NA
ASV_554	Bacteria	Proteobacteria	Alphaproteobacteria	Rhizobiales	Xanthobacteraceae	Bradyrhizobium	NA
ASV_555	Bacteria	Firmicutes	Clostridia	Lachnospirales	Lachnospiraceae	Tyzzerella	NA
ASV_556	Bacteria	Firmicutes	Bacilli	RF39	NA	NA	NA
ASV_557	Bacteria	Firmicutes	Clostridia	Lachnospirales	Lachnospiraceae	Lachnospiraceae UCG-006	NA
ASV_558	Bacteria	Bacteroidota	Bacteroidia	Bacteroidales	Muribaculaceae	NA	NA
ASV_559	Bacteria	Proteobacteria	NA	NA	NA	NA	NA
ASV_560	Bacteria	Firmicutes	Clostridia	Lachnospirales	Lachnospiraceae	NA	NA
ASV_561	Bacteria	Firmicutes	Clostridia	Lachnospirales	Lachnospiraceae	Blautia	NA
ASV_562	Bacteria	Firmicutes	Clostridia	Peptostreptococcales-Tissierellales	Family XI	Gallicola	NA
ASV_563	Bacteria	Actinobacteriota	Actinobacteria	Micrococcales	Micrococcaceae	Rothia	nasimurium
ASV_564	Bacteria	Firmicutes	Clostridia	Clostridia vadinBB60 group	NA	NA	NA
ASV_565	Bacteria	Proteobacteria	Gammaproteobacteria	Enterobacterales	Pasteurellaceae	Haemophilus	NA
ASV_566	Bacteria	Firmicutes	Clostridia	Lachnospirales	Lachnospiraceae	NA	NA
ASV_567	Bacteria	Firmicutes	Clostridia	Lachnospirales	Lachnospiraceae	[Eubacterium] xylanophilum group	NA
ASV_568	Bacteria	Firmicutes	Clostridia	Oscillospirales	Oscillospiraceae	NA	NA
ASV_569	Bacteria	Proteobacteria	Gammaproteobacteria	Pseudomonadales	Moraxellaceae	Enhydrobacter	NA
ASV_570	Bacteria	Firmicutes	Bacilli	Mycoplasmatales	Mycoplasmataceae	Mycoplasma	NA
ASV_571	Bacteria	Deferribacterota	Deferribacteres	Deferribacterales	Deferribacteraceae	Mucispirillum	NA
ASV_572	Bacteria	Firmicutes	Clostridia	Lachnospirales	Lachnospiraceae	Lachnospiraceae UCG-001	NA
ASV_573	Bacteria	Proteobacteria	Gammaproteobacteria	Burkholderiales	Comamonadaceae	NA	NA
ASV_574	Bacteria	Proteobacteria	Gammaproteobacteria	Enterobacterales	Pasteurellaceae	NA	NA
ASV_575	Bacteria	NA	NA	NA	NA	NA	NA
ASV_576	Bacteria	Actinobacteriota	Actinobacteria	Corynebacteriales	Corynebacteriaceae	Corynebacterium	NA
ASV_577	Bacteria	Bacteroidota	Bacteroidia	Bacteroidales	Muribaculaceae	NA	NA
ASV_578	Bacteria	Firmicutes	Clostridia	Lachnospirales	Lachnospiraceae	Roseburia	NA
ASV_579	Bacteria	Firmicutes	Bacilli	Erysipelotrichales	Erysipelotrichaceae	Ileibacterium	NA
ASV_580	Bacteria	Actinobacteriota	Coriobacteriia	Coriobacteriales	Atopobiaceae	Atopobium	NA
ASV_581	Bacteria	Bacteroidota	Bacteroidia	Bacteroidales	Muribaculaceae	NA	NA
ASV_582	Bacteria	Firmicutes	Clostridia	Lachnospirales	Lachnospiraceae	Lachnospiraceae NK4A136 group	NA
ASV_583	Bacteria	Bacteroidota	Bacteroidia	Bacteroidales	Muribaculaceae	NA	NA
ASV_584	Bacteria	Firmicutes	Clostridia	Christensenellales	Christensenellaceae	NA	NA
ASV_585	Bacteria	Bacteroidota	Bacteroidia	Bacteroidales	Bacteroidaceae	Bacteroides	NA
ASV_586	Bacteria	Bacteroidota	Bacteroidia	Bacteroidales	Muribaculaceae	NA	NA
ASV_587	Bacteria	Bacteroidota	Bacteroidia	Bacteroidales	Muribaculaceae	NA	NA
ASV_588	Bacteria	Firmicutes	Clostridia	Lachnospirales	Lachnospiraceae	Roseburia	NA
ASV_589	Bacteria	Firmicutes	Clostridia	Lachnospirales	Lachnospiraceae	Roseburia	NA
ASV_590	Bacteria	Firmicutes	Clostridia	Lachnospirales	Lachnospiraceae	Anaerostipes	NA
ASV_591	Bacteria	Bacteroidota	Bacteroidia	Bacteroidales	Porphyromonadaceae	Porphyromonas	NA
ASV_592	Bacteria	Bacteroidota	Bacteroidia	Bacteroidales	Muribaculaceae	NA	NA
ASV_593	Bacteria	Bacteroidota	Bacteroidia	Bacteroidales	Muribaculaceae	NA	NA
ASV_594	Bacteria	Proteobacteria	Alphaproteobacteria	Rhodospirillales	NA	NA	NA
ASV_595	Bacteria	Bacteroidota	Bacteroidia	Bacteroidales	Muribaculaceae	NA	NA
ASV_596	Bacteria	Proteobacteria	Gammaproteobacteria	Pseudomonadales	Moraxellaceae	Acinetobacter	NA
ASV_597	Bacteria	Verrucomicrobiota	Omnitrophia	Omnitrophales	Omnitrophaceae	Candidatus Omnitrophus	NA
ASV_598	Bacteria	Firmicutes	Bacilli	Erysipelotrichales	Erysipelotrichaceae	Faecalibaculum	NA
ASV_599	Bacteria	Firmicutes	Clostridia	Lachnospirales	Lachnospiraceae	Acetatifactor	NA
ASV_600	Bacteria	Firmicutes	Clostridia	Lachnospirales	Lachnospiraceae	Roseburia	NA
ASV_601	Bacteria	Firmicutes	Clostridia	Lachnospirales	Lachnospiraceae	NA	NA
ASV_602	Bacteria	Firmicutes	Clostridia	Lachnospirales	Lachnospiraceae	Lachnospiraceae AC2044 group	bacterium
ASV_603	Bacteria	Bacteroidota	Bacteroidia	Bacteroidales	Muribaculaceae	NA	NA
ASV_604	Bacteria	Firmicutes	Clostridia	Lachnospirales	Lachnospiraceae	NA	NA
ASV_605	Bacteria	Desulfobacterota	Desulfovibrionia	Desulfovibrionales	Desulfovibrionaceae	Desulfovibrio	NA
ASV_606	Bacteria	Firmicutes	Clostridia	Lachnospirales	Lachnospiraceae	NA	NA
ASV_607	Bacteria	Firmicutes	Clostridia	Lachnospirales	Lachnospiraceae	Lachnospiraceae NK4A136 group	NA
ASV_608	Bacteria	Firmicutes	Clostridia	Lachnospirales	Lachnospiraceae	Lachnoclostridium	NA
ASV_609	Bacteria	Firmicutes	Clostridia	Clostridia UCG-014	NA	NA	NA
ASV_610	Bacteria	Firmicutes	Bacilli	Acholeplasmatales	Acholeplasmataceae	Anaeroplasma	NA
ASV_611	Bacteria	Firmicutes	Bacilli	Erysipelotrichales	Erysipelotrichaceae	Ileibacterium	NA
ASV_612	Bacteria	Firmicutes	Clostridia	Clostridia UCG-014	NA	NA	NA
ASV_613	Bacteria	Firmicutes	Clostridia	Lachnospirales	Lachnospiraceae	Eisenbergiella	NA
ASV_614	Bacteria	Bacteroidota	Bacteroidia	Bacteroidales	Muribaculaceae	NA	NA
ASV_615	Bacteria	Bacteroidota	Bacteroidia	Bacteroidales	Muribaculaceae	NA	NA
ASV_616	Bacteria	Bacteroidota	Bacteroidia	Bacteroidales	Muribaculaceae	NA	NA
ASV_617	Bacteria	Bacteroidota	Bacteroidia	Bacteroidales	Muribaculaceae	NA	NA
ASV_618	Bacteria	Bacteroidota	Bacteroidia	Bacteroidales	Muribaculaceae	NA	NA
ASV_619	Bacteria	Firmicutes	Clostridia	Eubacteriales	Eubacteriaceae	NA	NA
ASV_620	Bacteria	Firmicutes	Clostridia	Christensenellales	Christensenellaceae	NA	NA
ASV_621	Bacteria	Firmicutes	Clostridia	Eubacteriales	Eubacteriaceae	NA	NA
ASV_622	Bacteria	Firmicutes	Clostridia	Eubacteriales	Eubacteriaceae	NA	NA
ASV_623	Bacteria	Firmicutes	Clostridia	Lachnospirales	Lachnospiraceae	[Eubacterium] xylanophilum group	NA
ASV_624	Bacteria	Bacteroidota	Bacteroidia	Bacteroidales	Prevotellaceae	Prevotella	NA
ASV_625	Bacteria	Firmicutes	Clostridia	Lachnospirales	Lachnospiraceae	Lachnospiraceae NK4A136 group	NA
ASV_626	Bacteria	Bacteroidota	Bacteroidia	Bacteroidales	Prevotellaceae	Prevotella	NA
ASV_627	Bacteria	Bacteroidota	Bacteroidia	Bacteroidales	Muribaculaceae	NA	NA
ASV_628	Bacteria	Bacteroidota	Bacteroidia	Bacteroidales	Muribaculaceae	NA	NA
ASV_629	Bacteria	Firmicutes	Clostridia	Eubacteriales	Eubacteriaceae	NA	NA
ASV_630	Bacteria	Actinobacteriota	Coriobacteriia	Coriobacteriales	Atopobiaceae	Coriobacteriaceae UCG-002	NA
ASV_631	Bacteria	Bacteroidota	Bacteroidia	Bacteroidales	Muribaculaceae	NA	NA
ASV_632	Bacteria	Firmicutes	Clostridia	Lachnospirales	Lachnospiraceae	NA	NA
ASV_633	Bacteria	Firmicutes	Clostridia	Peptostreptococcales-Tissierellales	Peptostreptococcaceae	Criibacterium	NA
ASV_634	Bacteria	Firmicutes	Bacilli	Erysipelotrichales	Erysipelotrichaceae	Faecalibaculum	NA
ASV_635	Bacteria	Cyanobacteria	Vampirivibrionia	Gastranaerophilales	NA	NA	NA
ASV_636	Bacteria	Firmicutes	Clostridia	Lachnospirales	Lachnospiraceae	Lachnospiraceae NK4A136 group	NA
ASV_637	Bacteria	Actinobacteriota	Actinobacteria	Corynebacteriales	Corynebacteriaceae	Corynebacterium	NA
ASV_638	Bacteria	Firmicutes	Clostridia	Eubacteriales	Eubacteriaceae	NA	NA
ASV_639	Bacteria	Firmicutes	Clostridia	Lachnospirales	Lachnospiraceae	[Ruminococcus] torques group	NA
ASV_640	Bacteria	Proteobacteria	Alphaproteobacteria	Rickettsiales	NA	NA	NA
ASV_641	Bacteria	Bacteroidota	Bacteroidia	Bacteroidales	Muribaculaceae	NA	NA
ASV_642	Bacteria	Firmicutes	Bacilli	RF39	NA	NA	NA
ASV_643	Bacteria	Bacteroidota	Bacteroidia	Bacteroidales	Muribaculaceae	NA	NA
ASV_644	Bacteria	Firmicutes	Clostridia	Eubacteriales	Eubacteriaceae	NA	NA
ASV_645	Bacteria	Firmicutes	Clostridia	Oscillospirales	Oscillospiraceae	Intestinimonas	NA
ASV_646	Bacteria	Firmicutes	Clostridia	Lachnospirales	Lachnospiraceae	NA	NA
ASV_647	Bacteria	Proteobacteria	Gammaproteobacteria	Enterobacterales	Pasteurellaceae	Haemophilus	NA
ASV_648	Bacteria	Cyanobacteria	Cyanobacteriia	Chloroplast	NA	NA	NA
ASV_649	Bacteria	Bacteroidota	Bacteroidia	Bacteroidales	Tannerellaceae	Parabacteroides	distasonis
ASV_650	Bacteria	Proteobacteria	Gammaproteobacteria	Burkholderiales	Comamonadaceae	Acidovorax	NA
ASV_651	Bacteria	Firmicutes	Clostridia	Lachnospirales	Lachnospiraceae	NA	NA
ASV_652	Bacteria	Actinobacteriota	Actinobacteria	Actinomycetales	Actinomycetaceae	Mobiluncus	NA
ASV_653	Bacteria	Cyanobacteria	Vampirivibrionia	Vampirovibrionales	NA	NA	NA
ASV_654	Bacteria	Firmicutes	Bacilli	Lactobacillales	Carnobacteriaceae	Granulicatella	NA
ASV_655	Bacteria	Firmicutes	Clostridia	Lachnospirales	Lachnospiraceae	NA	NA
ASV_656	Bacteria	Firmicutes	Clostridia	Lachnospirales	Lachnospiraceae	GCA-900066575	NA
ASV_657	Bacteria	Firmicutes	Clostridia	Oscillospirales	Oscillospiraceae	Oscillibacter	NA
ASV_658	Bacteria	Bacteroidota	Bacteroidia	Bacteroidales	Muribaculaceae	NA	NA
ASV_659	Bacteria	Firmicutes	Bacilli	RF39	NA	NA	NA
ASV_660	Bacteria	Firmicutes	Clostridia	Oscillospirales	Hungateiclostridiaceae	Fastidiosipila	NA
ASV_661	Bacteria	Bacteroidota	Bacteroidia	Bacteroidales	Muribaculaceae	NA	NA
ASV_662	Bacteria	Firmicutes	Clostridia	NA	NA	NA	NA
ASV_663	Bacteria	Desulfobacterota	Desulfovibrionia	Desulfovibrionales	Desulfovibrionaceae	Desulfovibrio	NA
ASV_664	Bacteria	Actinobacteriota	Coriobacteriia	Coriobacteriales	NA	NA	NA
ASV_665	Bacteria	Bacteroidota	Bacteroidia	Bacteroidales	Muribaculaceae	NA	NA
ASV_666	Bacteria	Firmicutes	Clostridia	Oscillospirales	Ruminococcaceae	[Eubacterium] siraeum group	NA
ASV_667	Bacteria	Bacteroidota	Bacteroidia	Bacteroidales	Muribaculaceae	NA	NA
ASV_668	Bacteria	Bacteroidota	Bacteroidia	Bacteroidales	Muribaculaceae	NA	NA
ASV_669	Bacteria	Bacteroidota	Bacteroidia	Bacteroidales	Muribaculaceae	NA	NA
ASV_670	Bacteria	Proteobacteria	Alphaproteobacteria	Sphingomonadales	Sphingomonadaceae	Sphingobium	NA
ASV_671	Bacteria	Proteobacteria	Gammaproteobacteria	Burkholderiales	Sutterellaceae	Parasutterella	NA
ASV_672	Bacteria	Firmicutes	Clostridia	Eubacteriales	Eubacteriaceae	NA	NA
ASV_673	Bacteria	Bacteroidota	Bacteroidia	Bacteroidales	Bacteroidaceae	Bacteroides	NA
ASV_674	Bacteria	Firmicutes	Clostridia	Oscillospirales	UCG-010	NA	NA
ASV_675	Bacteria	Firmicutes	Clostridia	Oscillospirales	Oscillospiraceae	Intestinimonas	NA
ASV_676	Bacteria	Proteobacteria	Gammaproteobacteria	Enterobacterales	Pasteurellaceae	Aggregatibacter	NA
ASV_677	Bacteria	Bacteroidota	Bacteroidia	Bacteroidales	Bacteroidaceae	Bacteroides	NA
ASV_678	Bacteria	Firmicutes	Clostridia	Oscillospirales	Ruminococcaceae	NA	NA
ASV_679	Bacteria	Proteobacteria	Alphaproteobacteria	Rickettsiales	Mitochondria	NA	NA
ASV_680	Bacteria	Proteobacteria	NA	NA	NA	NA	NA
ASV_681	Bacteria	Bacteroidota	Bacteroidia	Bacteroidales	Muribaculaceae	NA	NA
ASV_682	Bacteria	Actinobacteriota	Actinobacteria	Actinomycetales	Actinomycetaceae	Actinomyces	NA
ASV_683	Bacteria	Firmicutes	Clostridia	Peptostreptococcales-Tissierellales	Anaerovoracaceae	Mogibacterium	NA
ASV_684	Bacteria	Bacteroidota	Bacteroidia	Bacteroidales	Muribaculaceae	NA	NA
ASV_685	Bacteria	Firmicutes	Clostridia	Christensenellales	Christensenellaceae	NA	NA
ASV_686	Bacteria	Firmicutes	Clostridia	Lachnospirales	Lachnospiraceae	[Eubacterium] ruminantium group	NA
ASV_687	Bacteria	Firmicutes	Clostridia	Oscillospirales	Hungateiclostridiaceae	NA	NA
ASV_688	Bacteria	Bacteroidota	Bacteroidia	Bacteroidales	Rikenellaceae	Rikenellaceae RC9 gut group	NA
ASV_689	Bacteria	Firmicutes	Clostridia	Lachnospirales	Lachnospiraceae	Lachnospiraceae NK4A136 group	NA
ASV_690	Bacteria	Bacteroidota	Bacteroidia	Bacteroidales	Muribaculaceae	NA	NA
ASV_691	Bacteria	Cyanobacteria	Vampirivibrionia	Gastranaerophilales	NA	NA	NA
ASV_692	Bacteria	Firmicutes	Bacilli	Erysipelotrichales	Erysipelatoclostridiaceae	Erysipelatoclostridium	NA
ASV_693	Bacteria	Firmicutes	Clostridia	Christensenellales	Christensenellaceae	NA	NA
ASV_694	Bacteria	Bacteroidota	Bacteroidia	Bacteroidales	Prevotellaceae	Prevotella_7	NA
ASV_695	Bacteria	Firmicutes	Clostridia	Eubacteriales	Eubacteriaceae	NA	NA
ASV_696	Bacteria	Bacteroidota	Bacteroidia	Bacteroidales	Muribaculaceae	NA	NA
ASV_697	Bacteria	Actinobacteriota	Actinobacteria	Corynebacteriales	Mycobacteriaceae	Mycobacterium	NA
ASV_698	Bacteria	Proteobacteria	Alphaproteobacteria	Rhizobiales	Devosiaceae	NA	NA
ASV_699	Bacteria	Firmicutes	Clostridia	Peptostreptococcales-Tissierellales	Family XI	Peptoniphilus	NA
ASV_700	Bacteria	Firmicutes	Bacilli	Staphylococcales	Staphylococcaceae	Staphylococcus	NA
ASV_701	Bacteria	Bacteroidota	Bacteroidia	Bacteroidales	Muribaculaceae	NA	NA
ASV_702	Bacteria	Firmicutes	Clostridia	Lachnospirales	Lachnospiraceae	NA	NA
ASV_703	Bacteria	Bacteroidota	Bacteroidia	Bacteroidales	Muribaculaceae	NA	NA
ASV_704	Bacteria	Proteobacteria	Gammaproteobacteria	Enterobacterales	Pasteurellaceae	Haemophilus	NA
ASV_705	Bacteria	Actinobacteriota	Actinobacteria	Corynebacteriales	Corynebacteriaceae	Corynebacterium	NA
ASV_706	Bacteria	Cyanobacteria	Vampirivibrionia	Gastranaerophilales	NA	NA	NA
ASV_707	Bacteria	Firmicutes	Clostridia	Eubacteriales	Eubacteriaceae	NA	NA
ASV_708	Bacteria	Firmicutes	Clostridia	Peptostreptococcales-Tissierellales	Family XI	Anaerococcus	NA
ASV_709	Bacteria	Firmicutes	Clostridia	Lachnospirales	Lachnospiraceae	NA	NA
ASV_710	Bacteria	Firmicutes	Clostridia	Oscillospirales	Ruminococcaceae	NA	NA
ASV_711	Bacteria	Firmicutes	Clostridia	Eubacteriales	Eubacteriaceae	NA	NA
ASV_712	Bacteria	Cyanobacteria	Vampirivibrionia	Gastranaerophilales	NA	NA	NA
ASV_713	Bacteria	Bacteroidota	Bacteroidia	Bacteroidales	Muribaculaceae	NA	NA
ASV_714	Bacteria	Desulfobacterota	NA	NA	NA	NA	NA
ASV_715	Bacteria	Bacteroidota	Bacteroidia	Bacteroidales	Prevotellaceae	Prevotella	NA
ASV_716	Bacteria	Bacteroidota	Bacteroidia	Bacteroidales	Muribaculaceae	NA	NA
ASV_717	Bacteria	Firmicutes	Bacilli	Erysipelotrichales	Erysipelotrichaceae	Ileibacterium	NA
ASV_718	Bacteria	Firmicutes	Clostridia	Lachnospirales	Lachnospiraceae	[Ruminococcus] torques group	NA
ASV_719	Bacteria	Bacteroidota	Bacteroidia	Bacteroidales	Prevotellaceae	Prevotellaceae UCG-001	NA
ASV_720	Bacteria	Acidobacteriota	Acidobacteriae	Subgroup 12	NA	NA	NA
ASV_721	Bacteria	Firmicutes	Clostridia	Lachnospirales	Lachnospiraceae	Lachnospiraceae NK4A136 group	NA
ASV_722	Bacteria	Bacteroidota	Bacteroidia	Bacteroidales	Muribaculaceae	NA	NA
ASV_723	Bacteria	Firmicutes	Bacilli	Erysipelotrichales	Erysipelotrichaceae	NA	NA
ASV_724	Bacteria	Firmicutes	Clostridia	Oscillospirales	Ruminococcaceae	NA	NA
ASV_725	Bacteria	Bacteroidota	Bacteroidia	Bacteroidales	Muribaculaceae	NA	NA
ASV_726	Bacteria	Firmicutes	Clostridia	Oscillospirales	Oscillospiraceae	NA	NA
ASV_727	Bacteria	Campylobacterota	Campylobacteria	Campylobacterales	Campylobacteraceae	Campylobacter	NA
ASV_728	Bacteria	Proteobacteria	Alphaproteobacteria	Rhizobiales	Devosiaceae	Devosia	NA
ASV_729	Bacteria	Actinobacteriota	Actinobacteria	Micrococcales	Micrococcaceae	Citricoccus	NA
ASV_730	Bacteria	Actinobacteriota	Actinobacteria	Micrococcales	Micrococcaceae	Rothia	mucilaginosa
ASV_731	Bacteria	Bacteroidota	Bacteroidia	Bacteroidales	Rikenellaceae	Rikenellaceae RC9 gut group	NA
ASV_732	Bacteria	Bacteroidota	Bacteroidia	Bacteroidales	Muribaculaceae	NA	NA
ASV_733	Bacteria	Firmicutes	Clostridia	Lachnospirales	Lachnospiraceae	NA	NA
ASV_734	Bacteria	Firmicutes	Clostridia	Lachnospirales	Lachnospiraceae	[Ruminococcus] torques group	NA
ASV_735	Bacteria	Bacteroidota	Bacteroidia	Bacteroidales	Muribaculaceae	NA	NA
ASV_736	Bacteria	Bacteroidota	Bacteroidia	Bacteroidales	Muribaculaceae	NA	NA
ASV_737	Bacteria	Firmicutes	Clostridia	Lachnospirales	Lachnospiraceae	Lachnospiraceae NK4A136 group	NA
ASV_738	Bacteria	Firmicutes	Clostridia	Peptococcales	Peptococcaceae	Peptococcus	NA
ASV_739	Bacteria	Proteobacteria	Alphaproteobacteria	Rickettsiales	Mitochondria	NA	NA
ASV_740	Bacteria	Firmicutes	Clostridia	Clostridia UCG-014	NA	NA	NA
ASV_741	Bacteria	Bacteroidota	Bacteroidia	Bacteroidales	Muribaculaceae	NA	NA
ASV_742	Bacteria	Firmicutes	Clostridia	Oscillospirales	Oscillospiraceae	Colidextribacter	NA
ASV_743	Bacteria	Firmicutes	Bacilli	Lactobacillales	Carnobacteriaceae	NA	NA
ASV_744	Bacteria	Firmicutes	Bacilli	RF39	NA	NA	NA
ASV_745	Bacteria	Firmicutes	Clostridia	Lachnospirales	Lachnospiraceae	Agathobacter	NA
ASV_746	Bacteria	Firmicutes	Clostridia	Clostridia UCG-014	NA	NA	NA
ASV_747	Bacteria	Firmicutes	Clostridia	Lachnospirales	Lachnospiraceae	Lachnospiraceae NK4A136 group	NA
ASV_748	Bacteria	Firmicutes	Clostridia	Peptostreptococcales-Tissierellales	Family XI	Anaerococcus	NA
ASV_749	Bacteria	Firmicutes	Bacilli	Erysipelotrichales	Erysipelotrichaceae	Faecalicoccus	pleomorphus
ASV_750	Bacteria	Firmicutes	Clostridia	Oscillospirales	Oscillospiraceae	Oscillibacter	NA
ASV_751	Bacteria	Firmicutes	Clostridia	Lachnospirales	Lachnospiraceae	[Ruminococcus] torques group	NA
ASV_752	Bacteria	Firmicutes	Bacilli	Lactobacillales	Streptococcaceae	Streptococcus	NA
ASV_753	Bacteria	Bacteroidota	Bacteroidia	Bacteroidales	Muribaculaceae	NA	NA
ASV_754	Bacteria	Firmicutes	Negativicutes	Veillonellales-Selenomonadales	Veillonellaceae	Veillonella	NA
ASV_755	Bacteria	Firmicutes	Clostridia	Lachnospirales	Lachnospiraceae	GCA-900066575	NA
ASV_756	Bacteria	Firmicutes	Bacilli	Erysipelotrichales	Erysipelotrichaceae	NA	NA
ASV_757	Bacteria	Firmicutes	Clostridia	Lachnospirales	Lachnospiraceae	NA	NA
ASV_758	Bacteria	Firmicutes	Clostridia	Lachnospirales	Lachnospiraceae	NA	NA
ASV_759	Bacteria	Bacteroidota	Bacteroidia	Bacteroidales	Muribaculaceae	NA	NA
ASV_760	Bacteria	Firmicutes	Clostridia	Lachnospirales	Lachnospiraceae	NA	NA
ASV_761	Bacteria	Firmicutes	Clostridia	Lachnospirales	Lachnospiraceae	Lachnospiraceae NK4A136 group	NA
ASV_762	Bacteria	Firmicutes	Clostridia	Lachnospirales	Lachnospiraceae	Lachnospiraceae NK4A136 group	NA
ASV_763	Bacteria	Firmicutes	Bacilli	Erysipelotrichales	Erysipelatoclostridiaceae	Erysipelatoclostridium	NA
ASV_764	Bacteria	Bacteroidota	Bacteroidia	Bacteroidales	Muribaculaceae	NA	NA
ASV_765	Bacteria	Firmicutes	Clostridia	Lachnospirales	Lachnospiraceae	A2	NA
ASV_766	Bacteria	Bacteroidota	Bacteroidia	Bacteroidales	Muribaculaceae	NA	NA
ASV_767	Bacteria	Firmicutes	Clostridia	Lachnospirales	Lachnospiraceae	NA	NA
ASV_768	Bacteria	Firmicutes	Clostridia	Lachnospirales	Lachnospiraceae	NA	NA
ASV_769	Bacteria	Firmicutes	Clostridia	Lachnospirales	Lachnospiraceae	Lachnoclostridium	NA
ASV_770	Bacteria	Firmicutes	Clostridia	Lachnospirales	Lachnospiraceae	GCA-900066575	NA
ASV_771	Bacteria	Actinobacteriota	Coriobacteriia	Coriobacteriales	Atopobiaceae	Olsenella	NA
ASV_772	Bacteria	Firmicutes	Clostridia	Lachnospirales	Lachnospiraceae	NA	NA
ASV_773	Bacteria	Bacteroidota	Bacteroidia	Bacteroidales	Muribaculaceae	NA	NA
ASV_774	Bacteria	Firmicutes	Clostridia	Lachnospirales	Lachnospiraceae	Oribacterium	NA
ASV_775	Bacteria	Firmicutes	Bacilli	Staphylococcales	Gemellaceae	Gemella	NA
ASV_776	Bacteria	Bacteroidota	Bacteroidia	Bacteroidales	Muribaculaceae	NA	NA
ASV_777	Bacteria	Bacteroidota	Bacteroidia	Bacteroidales	Muribaculaceae	NA	NA
ASV_778	Bacteria	Firmicutes	Clostridia	Clostridia UCG-014	NA	NA	NA
ASV_779	Bacteria	Firmicutes	Bacilli	Erysipelotrichales	Erysipelotrichaceae	Allobaculum	NA
ASV_780	Bacteria	Firmicutes	Bacilli	Erysipelotrichales	Erysipelotrichaceae	NA	NA
ASV_781	Bacteria	Acidobacteriota	Acidobacteriae	Subgroup 12	NA	NA	NA
ASV_782	Bacteria	Firmicutes	Clostridia	Lachnospirales	Lachnospiraceae	Roseburia	NA
ASV_783	Bacteria	Bacteroidota	Bacteroidia	Bacteroidales	Muribaculaceae	NA	NA
ASV_784	Bacteria	Bacteroidota	Bacteroidia	Bacteroidales	Muribaculaceae	NA	NA
ASV_785	Bacteria	Bacteroidota	Bacteroidia	Bacteroidales	Muribaculaceae	NA	NA
ASV_786	Bacteria	Actinobacteriota	Actinobacteria	Corynebacteriales	Corynebacteriaceae	Corynebacterium	NA
ASV_787	Bacteria	Firmicutes	Clostridia	Lachnospirales	Lachnospiraceae	NA	NA
ASV_788	Bacteria	Firmicutes	Bacilli	Erysipelotrichales	Erysipelotrichaceae	NA	NA
ASV_789	Bacteria	Cyanobacteria	Vampirivibrionia	Gastranaerophilales	NA	NA	NA
ASV_790	Bacteria	Firmicutes	Clostridia	Lachnospirales	Lachnospiraceae	A2	NA
ASV_791	Bacteria	Firmicutes	Clostridia	Oscillospirales	Ruminococcaceae	Incertae Sedis	NA
ASV_792	Bacteria	NA	NA	NA	NA	NA	NA
ASV_793	Bacteria	Firmicutes	Clostridia	Lachnospirales	Lachnospiraceae	NA	NA
ASV_794	Bacteria	Firmicutes	Clostridia	Lachnospirales	Lachnospiraceae	NA	NA
ASV_795	Bacteria	Proteobacteria	Gammaproteobacteria	Burkholderiales	Sutterellaceae	Sutterella	NA
ASV_796	Bacteria	Firmicutes	Clostridia	Clostridia UCG-014	NA	NA	NA
ASV_797	Bacteria	Bacteroidota	Bacteroidia	Bacteroidales	Muribaculaceae	NA	NA
ASV_798	Bacteria	Bacteroidota	Bacteroidia	Bacteroidales	Muribaculaceae	NA	NA
ASV_799	Bacteria	Firmicutes	Clostridia	Lachnospirales	Lachnospiraceae	[Eubacterium] xylanophilum group	NA
ASV_800	Bacteria	Firmicutes	Clostridia	Peptostreptococcales-Tissierellales	Family XI	Finegoldia	NA
ASV_801	Bacteria	Proteobacteria	Alphaproteobacteria	Rickettsiales	Mitochondria	NA	NA
ASV_802	Bacteria	Desulfobacterota	Desulfovibrionia	Desulfovibrionales	Desulfovibrionaceae	Desulfovibrio	NA
ASV_803	Bacteria	Bacteroidota	Bacteroidia	Bacteroidales	Muribaculaceae	NA	NA
ASV_804	Bacteria	Bacteroidota	Bacteroidia	Bacteroidales	Muribaculaceae	NA	NA
ASV_805	Bacteria	Firmicutes	Clostridia	Lachnospirales	Lachnospiraceae	NA	NA
ASV_806	Bacteria	Proteobacteria	Alphaproteobacteria	Rickettsiales	Mitochondria	NA	NA
ASV_807	Bacteria	Firmicutes	Clostridia	Oscillospirales	Ruminococcaceae	NA	NA
ASV_808	Bacteria	Firmicutes	Clostridia	Oscillospirales	Oscillospiraceae	Colidextribacter	NA
ASV_809	Bacteria	Firmicutes	Clostridia	Peptococcales	Peptococcaceae	Peptococcus	NA
ASV_810	Bacteria	Firmicutes	Clostridia	Lachnospirales	Lachnospiraceae	Lachnospiraceae NK4A136 group	NA
ASV_811	Bacteria	Actinobacteriota	Thermoleophilia	Solirubrobacterales	67-14	NA	NA
ASV_812	Bacteria	Spirochaetota	Spirochaetia	Spirochaetales	Spirochaetaceae	Treponema	NA
ASV_813	Bacteria	Firmicutes	Clostridia	Oscillospirales	Oscillospiraceae	Oscillibacter	NA
ASV_814	Bacteria	Proteobacteria	Alphaproteobacteria	Rhodospirillales	NA	NA	NA
ASV_815	Bacteria	Proteobacteria	Alphaproteobacteria	Rhodospirillales	NA	NA	NA
ASV_816	Bacteria	Firmicutes	Clostridia	Christensenellales	Christensenellaceae	NA	NA
ASV_817	Bacteria	Firmicutes	Clostridia	Oscillospirales	Oscillospiraceae	NA	NA
ASV_818	Bacteria	Firmicutes	Bacilli	Erysipelotrichales	Erysipelotrichaceae	Faecalibaculum	NA
ASV_819	Bacteria	Firmicutes	Clostridia	Lachnospirales	Lachnospiraceae	NA	NA
ASV_820	Bacteria	Firmicutes	Clostridia	Oscillospirales	Oscillospiraceae	NA	NA
ASV_821	Bacteria	Firmicutes	Bacilli	Lactobacillales	Streptococcaceae	Streptococcus	NA
ASV_822	Bacteria	Firmicutes	Clostridia	Oscillospirales	Oscillospiraceae	NA	NA
ASV_823	Bacteria	Proteobacteria	Alphaproteobacteria	Rickettsiales	Mitochondria	NA	NA
ASV_824	Bacteria	Firmicutes	Clostridia	Lachnospirales	Lachnospiraceae	NA	NA
ASV_825	Bacteria	Proteobacteria	Alphaproteobacteria	Rhodospirillales	NA	NA	NA
ASV_826	Bacteria	Firmicutes	Clostridia	Lachnospirales	Lachnospiraceae	GCA-900066575	NA
ASV_827	Bacteria	Firmicutes	Clostridia	Oscillospirales	Oscillospiraceae	Intestinimonas	NA
ASV_828	Bacteria	Bacteroidota	Bacteroidia	Bacteroidales	Muribaculaceae	NA	NA
ASV_829	Bacteria	Cyanobacteria	Vampirivibrionia	Gastranaerophilales	NA	NA	NA
ASV_830	Bacteria	Firmicutes	Bacilli	RF39	NA	NA	NA
ASV_831	Bacteria	Firmicutes	Clostridia	Clostridia vadinBB60 group	NA	NA	NA
ASV_832	Bacteria	Desulfobacterota	Desulfovibrionia	Desulfovibrionales	Desulfovibrionaceae	Desulfovibrio	NA
ASV_833	Bacteria	Firmicutes	Clostridia	Lachnospirales	Lachnospiraceae	Lachnospiraceae FE2018 group	NA
ASV_834	Bacteria	Cyanobacteria	Vampirivibrionia	Gastranaerophilales	NA	NA	NA
ASV_835	Bacteria	Proteobacteria	Alphaproteobacteria	Rickettsiales	Mitochondria	NA	NA
ASV_836	Bacteria	Proteobacteria	Alphaproteobacteria	Rickettsiales	Mitochondria	NA	NA
ASV_837	Bacteria	Bacteroidota	Bacteroidia	Bacteroidales	Muribaculaceae	NA	NA
ASV_838	Bacteria	Firmicutes	Clostridia	Oscillospirales	Oscillospiraceae	Oscillibacter	NA
ASV_839	Bacteria	Bacteroidota	Bacteroidia	Bacteroidales	Muribaculaceae	NA	NA
ASV_840	Bacteria	Actinobacteriota	Actinobacteria	Pseudonocardiales	Pseudonocardiaceae	Pseudonocardia	NA
ASV_841	Bacteria	Bacteroidota	Bacteroidia	Bacteroidales	Prevotellaceae	Prevotella_7	NA
ASV_842	Bacteria	Firmicutes	Bacilli	Lactobacillales	Streptococcaceae	Streptococcus	NA
ASV_843	Bacteria	Firmicutes	Clostridia	Lachnospirales	Lachnospiraceae	NA	NA
ASV_844	Bacteria	Firmicutes	Clostridia	Oscillospirales	Butyricicoccaceae	Butyricicoccus	NA
ASV_845	Bacteria	Firmicutes	Clostridia	Lachnospirales	Lachnospiraceae	Acetatifactor	NA
ASV_846	Bacteria	Actinobacteriota	Actinobacteria	Actinomycetales	Actinomycetaceae	Actinomyces	NA
ASV_847	Bacteria	Actinobacteriota	Coriobacteriia	Coriobacteriales	Eggerthellaceae	Enterorhabdus	NA
ASV_848	Bacteria	Bacteroidota	Bacteroidia	Bacteroidales	Prevotellaceae	Prevotella_7	NA
ASV_849	Bacteria	Firmicutes	Bacilli	RF39	NA	NA	NA
ASV_850	Bacteria	Firmicutes	Negativicutes	Veillonellales-Selenomonadales	Veillonellaceae	Veillonella	NA
ASV_851	Bacteria	Bacteroidota	Bacteroidia	Bacteroidales	Muribaculaceae	NA	NA
ASV_852	Bacteria	Firmicutes	Clostridia	Lachnospirales	Lachnospiraceae	NA	NA
ASV_853	Bacteria	Proteobacteria	Alphaproteobacteria	NA	NA	NA	NA
ASV_854	Bacteria	Firmicutes	Clostridia	Lachnospirales	Lachnospiraceae	Tuzzerella	NA
ASV_855	Bacteria	Firmicutes	Clostridia	Oscillospirales	Ruminococcaceae	NA	NA
ASV_856	Bacteria	Firmicutes	Negativicutes	Veillonellales-Selenomonadales	Selenomonadaceae	Quinella	NA
ASV_857	Bacteria	Bacteroidota	Bacteroidia	Bacteroidales	Muribaculaceae	NA	NA
ASV_858	Bacteria	Firmicutes	Clostridia	Lachnospirales	Lachnospiraceae	NA	NA
ASV_859	Bacteria	Firmicutes	Clostridia	Oscillospirales	Oscillospiraceae	Oscillibacter	NA
ASV_860	Bacteria	Proteobacteria	Alphaproteobacteria	Rickettsiales	Mitochondria	NA	NA
ASV_861	Bacteria	Firmicutes	Bacilli	Lactobacillales	Lactobacillaceae	Weissella	NA
ASV_862	Bacteria	Proteobacteria	Alphaproteobacteria	Rickettsiales	Mitochondria	NA	NA
ASV_863	Bacteria	Firmicutes	Clostridia	Lachnospirales	Lachnospiraceae	Lachnospiraceae NK4A136 group	NA
ASV_864	Bacteria	Bacteroidota	Bacteroidia	Bacteroidales	Muribaculaceae	NA	NA
ASV_865	Bacteria	Firmicutes	Clostridia	Clostridia UCG-014	NA	NA	NA
ASV_866	Bacteria	Firmicutes	Clostridia	Peptostreptococcales-Tissierellales	Anaerovoracaceae	[Eubacterium] brachy group	NA
ASV_867	Bacteria	Firmicutes	Bacilli	Erysipelotrichales	Erysipelotrichaceae	NA	NA
ASV_868	Bacteria	Firmicutes	Clostridia	Clostridia UCG-014	NA	NA	NA
ASV_869	Bacteria	Firmicutes	Clostridia	Lachnospirales	Lachnospiraceae	NA	NA
ASV_870	Bacteria	Firmicutes	Clostridia	Oscillospirales	Oscillospiraceae	Intestinimonas	NA
ASV_871	Bacteria	Firmicutes	Clostridia	Lachnospirales	Lachnospiraceae	Lachnospiraceae UCG-001	NA
ASV_872	Bacteria	Bacteroidota	Bacteroidia	Bacteroidales	Prevotellaceae	NA	NA
ASV_873	Bacteria	Firmicutes	Bacilli	Lactobacillales	Lactobacillaceae	Lactobacillus	kitasatonis
ASV_874	Bacteria	Firmicutes	Bacilli	Acholeplasmatales	Acholeplasmataceae	Anaeroplasma	NA
ASV_875	Bacteria	Firmicutes	Clostridia	Oscillospirales	Oscillospiraceae	UCG-005	NA
ASV_876	Bacteria	Firmicutes	Clostridia	Lachnospirales	Lachnospiraceae	Lachnospiraceae UCG-001	NA
ASV_877	Bacteria	Bacteroidota	Bacteroidia	Bacteroidales	Muribaculaceae	NA	NA
ASV_878	Bacteria	Cyanobacteria	Vampirivibrionia	Gastranaerophilales	NA	NA	NA
ASV_879	Bacteria	Firmicutes	Clostridia	Lachnospirales	Lachnospiraceae	Lachnospiraceae NK4A136 group	NA
ASV_880	Bacteria	Firmicutes	Clostridia	Lachnospirales	Lachnospiraceae	Lachnospiraceae NK4A136 group	NA
ASV_881	Bacteria	Firmicutes	Clostridia	Lachnospirales	Lachnospiraceae	NA	NA
ASV_882	Bacteria	Firmicutes	Clostridia	Lachnospirales	Lachnospiraceae	Lachnospiraceae NK4A136 group	NA
ASV_883	Bacteria	Firmicutes	Clostridia	Peptostreptococcales-Tissierellales	Anaerovoracaceae	S5-A14a	NA
ASV_884	Bacteria	Firmicutes	Clostridia	Lachnospirales	Lachnospiraceae	NA	NA
ASV_885	Bacteria	Firmicutes	Clostridia	Lachnospirales	Lachnospiraceae	Lachnospiraceae NK4A136 group	NA
ASV_886	Bacteria	Bacteroidota	Bacteroidia	Bacteroidales	Prevotellaceae	Prevotella	NA
ASV_887	Bacteria	Firmicutes	Clostridia	Lachnospirales	Lachnospiraceae	NA	NA
ASV_888	Bacteria	Firmicutes	Clostridia	Oscillospirales	Ruminococcaceae	Fournierella	NA
ASV_889	Bacteria	Firmicutes	Bacilli	Mycoplasmatales	Mycoplasmataceae	Mycoplasma	NA
ASV_890	Bacteria	Cyanobacteria	Vampirivibrionia	Gastranaerophilales	NA	NA	NA
ASV_891	Bacteria	Firmicutes	Clostridia	Lachnospirales	Lachnospiraceae	Lachnospiraceae NK4A136 group	NA
ASV_892	Bacteria	Firmicutes	Clostridia	Lachnospirales	Lachnospiraceae	Lachnospiraceae NK4A136 group	NA
ASV_893	Bacteria	Firmicutes	Clostridia	Lachnospirales	Lachnospiraceae	Lachnospiraceae FCS020 group	NA
ASV_894	Bacteria	Firmicutes	Clostridia	Lachnospirales	Lachnospiraceae	Blautia	NA
ASV_895	Bacteria	Firmicutes	Clostridia	Lachnospirales	Lachnospiraceae	[Eubacterium] hallii group	NA
ASV_896	Bacteria	Proteobacteria	Gammaproteobacteria	Pseudomonadales	Moraxellaceae	Acinetobacter	NA
ASV_897	Bacteria	Proteobacteria	Alphaproteobacteria	Rickettsiales	Mitochondria	NA	NA
ASV_898	Bacteria	Campylobacterota	Campylobacteria	Campylobacterales	Helicobacteraceae	Helicobacter	NA
ASV_899	Bacteria	Firmicutes	Clostridia	Oscillospirales	Ruminococcaceae	NA	NA
ASV_900	Bacteria	Firmicutes	Clostridia	Lachnospirales	Lachnospiraceae	Acetatifactor	NA
ASV_901	Bacteria	Firmicutes	Clostridia	Lachnospirales	Lachnospiraceae	NA	NA
ASV_902	Bacteria	Firmicutes	Clostridia	Lachnospirales	Lachnospiraceae	NA	NA
ASV_903	Bacteria	Firmicutes	Clostridia	Oscillospirales	Oscillospiraceae	Intestinimonas	NA
ASV_904	Bacteria	Firmicutes	Clostridia	Oscillospirales	Oscillospiraceae	Intestinimonas	NA
ASV_905	Bacteria	Actinobacteriota	Actinobacteria	Actinomycetales	Actinomycetaceae	Arcanobacterium	NA
ASV_906	Bacteria	Firmicutes	Bacilli	Erysipelotrichales	Erysipelotrichaceae	Allobaculum	NA
ASV_907	Bacteria	Firmicutes	Clostridia	Lachnospirales	Lachnospiraceae	Roseburia	NA
ASV_908	Bacteria	NA	NA	NA	NA	NA	NA
ASV_909	Bacteria	Firmicutes	Clostridia	Oscillospirales	Ruminococcaceae	Fournierella	NA
ASV_910	Bacteria	Firmicutes	Clostridia	Oscillospirales	Ruminococcaceae	Angelakisella	NA
ASV_911	Bacteria	Firmicutes	Clostridia	Lachnospirales	Lachnospiraceae	Lachnospiraceae NK4A136 group	NA
ASV_912	Bacteria	Firmicutes	Clostridia	Lachnospirales	Lachnospiraceae	NA	NA
ASV_913	Bacteria	Firmicutes	Clostridia	Lachnospirales	Lachnospiraceae	Lachnospiraceae UCG-001	NA
ASV_914	Bacteria	Bacteroidota	Bacteroidia	Bacteroidales	Muribaculaceae	NA	NA
ASV_915	Bacteria	Actinobacteriota	Coriobacteriia	Coriobacteriales	NA	NA	NA
ASV_916	Bacteria	Firmicutes	Clostridia	Clostridia vadinBB60 group	NA	NA	NA
ASV_917	Bacteria	Proteobacteria	Alphaproteobacteria	Rickettsiales	Mitochondria	NA	NA
ASV_918	Bacteria	Firmicutes	Clostridia	Peptostreptococcales-Tissierellales	Anaerovoracaceae	NA	NA
ASV_919	Bacteria	Firmicutes	Clostridia	Lachnospirales	Lachnospiraceae	Roseburia	NA
ASV_920	Bacteria	Proteobacteria	Gammaproteobacteria	Enterobacterales	Enterobacteriaceae	Klebsiella	NA
ASV_921	Bacteria	Firmicutes	Clostridia	Lachnospirales	Lachnospiraceae	NA	NA
ASV_922	Bacteria	Bacteroidota	Bacteroidia	Bacteroidales	Muribaculaceae	NA	NA
ASV_923	Bacteria	Firmicutes	Clostridia	Clostridia UCG-014	NA	NA	NA
ASV_924	Bacteria	Firmicutes	Clostridia	Lachnospirales	Lachnospiraceae	Lachnospiraceae NK4A136 group	NA
ASV_925	Bacteria	Firmicutes	Clostridia	Lachnospirales	Lachnospiraceae	NA	NA
ASV_926	Bacteria	Firmicutes	Clostridia	Lachnospirales	Lachnospiraceae	NA	NA
ASV_927	Bacteria	Firmicutes	Clostridia	Oscillospirales	Oscillospiraceae	NA	NA
ASV_928	Bacteria	Firmicutes	Clostridia	Lachnospirales	Lachnospiraceae	NA	NA
ASV_929	Bacteria	Firmicutes	Clostridia	Lachnospirales	Lachnospiraceae	NA	NA
ASV_930	Bacteria	Latescibacterota	NA	NA	NA	NA	NA
ASV_931	Bacteria	Firmicutes	Clostridia	Oscillospirales	Oscillospiraceae	NA	NA
ASV_932	Bacteria	Proteobacteria	Alphaproteobacteria	Sphingomonadales	Sphingomonadaceae	Sphingomonas	sanxanigenens
ASV_933	Bacteria	Bacteroidota	Bacteroidia	Bacteroidales	Prevotellaceae	Prevotellaceae Ga6A1 group	NA
ASV_934	Bacteria	Bacteroidota	Bacteroidia	Bacteroidales	Muribaculaceae	NA	NA
ASV_935	Bacteria	Cyanobacteria	Vampirivibrionia	Gastranaerophilales	NA	NA	NA
ASV_936	Bacteria	Firmicutes	Clostridia	Lachnospirales	Lachnospiraceae	Roseburia	NA
ASV_937	Bacteria	Firmicutes	Clostridia	Lachnospirales	Lachnospiraceae	Acetatifactor	NA
ASV_938	Bacteria	Firmicutes	Clostridia	Lachnospirales	Lachnospiraceae	NA	NA
ASV_939	Bacteria	Firmicutes	Bacilli	RF39	NA	NA	NA
ASV_940	Bacteria	Firmicutes	Clostridia	Lachnospirales	Lachnospiraceae	Sellimonas	NA
ASV_941	Bacteria	Firmicutes	Clostridia	Lachnospirales	Lachnospiraceae	GCA-900066575	NA
ASV_942	Bacteria	Firmicutes	Clostridia	Oscillospirales	Oscillospiraceae	NA	NA
ASV_943	Bacteria	Firmicutes	Bacilli	Erysipelotrichales	Erysipelotrichaceae	NA	NA
ASV_944	Bacteria	Bacteroidota	Bacteroidia	Bacteroidales	Muribaculaceae	NA	NA
ASV_945	Bacteria	Firmicutes	Clostridia	Peptostreptococcales-Tissierellales	Family XI	Peptoniphilus	NA
ASV_946	Bacteria	Firmicutes	Clostridia	Oscillospirales	Ruminococcaceae	Incertae Sedis	NA
ASV_947	Bacteria	Firmicutes	Clostridia	Lachnospirales	Lachnospiraceae	NA	NA
ASV_948	Bacteria	Firmicutes	Clostridia	Lachnospirales	Lachnospiraceae	[Eubacterium] xylanophilum group	NA
ASV_949	Bacteria	Firmicutes	Clostridia	Oscillospirales	Oscillospiraceae	NA	NA
ASV_950	Bacteria	Firmicutes	Clostridia	Oscillospirales	Ruminococcaceae	Negativibacillus	NA
ASV_951	Bacteria	Firmicutes	Clostridia	Lachnospirales	Lachnospiraceae	A2	NA
ASV_952	Bacteria	Firmicutes	Clostridia	Oscillospirales	Oscillospiraceae	Flavonifractor	plautii
ASV_953	Bacteria	Firmicutes	Clostridia	Lachnospirales	Lachnospiraceae	[Ruminococcus] torques group	NA
ASV_954	Bacteria	Proteobacteria	Gammaproteobacteria	Pseudomonadales	Pseudomonadaceae	Pseudomonas	NA
ASV_955	Bacteria	Firmicutes	Clostridia	Lachnospirales	Lachnospiraceae	Tyzzerella	NA
ASV_956	Bacteria	Firmicutes	Clostridia	Oscillospirales	Ruminococcaceae	Ruminococcus	NA
ASV_957	Bacteria	Firmicutes	Clostridia	Lachnospirales	Lachnospiraceae	Lachnospiraceae NK4A136 group	NA
ASV_958	Bacteria	Firmicutes	Bacilli	Erysipelotrichales	Erysipelotrichaceae	Allobaculum	NA
ASV_959	Bacteria	Firmicutes	Negativicutes	Veillonellales-Selenomonadales	Sporomusaceae	Sporomusa	NA
ASV_960	Bacteria	Firmicutes	Clostridia	Lachnospirales	Lachnospiraceae	Lachnospiraceae NK4A136 group	NA
ASV_961	Bacteria	Firmicutes	Clostridia	Lachnospirales	Lachnospiraceae	NA	NA
ASV_962	Bacteria	Firmicutes	Clostridia	Oscillospirales	Ruminococcaceae	NA	NA
ASV_963	Bacteria	Bacteroidota	Bacteroidia	Bacteroidales	Prevotellaceae	Prevotellaceae UCG-004	NA
ASV_964	Bacteria	Firmicutes	Clostridia	Lachnospirales	Lachnospiraceae	Tyzzerella	NA
ASV_965	Bacteria	Firmicutes	Clostridia	Clostridia vadinBB60 group	NA	NA	NA
ASV_966	Bacteria	Firmicutes	Clostridia	Clostridia UCG-014	NA	NA	NA
ASV_967	Bacteria	Firmicutes	Clostridia	Lachnospirales	Lachnospiraceae	NA	NA
ASV_968	Bacteria	Firmicutes	Clostridia	Lachnospirales	Lachnospiraceae	Lachnoclostridium	NA
ASV_969	Bacteria	Firmicutes	Clostridia	Lachnospirales	Lachnospiraceae	NA	NA
ASV_970	Bacteria	Firmicutes	Clostridia	Lachnospirales	Lachnospiraceae	[Eubacterium] ventriosum group	NA
ASV_971	Bacteria	Firmicutes	Clostridia	Lachnospirales	Lachnospiraceae	NA	NA
ASV_972	Bacteria	Firmicutes	Clostridia	Lachnospirales	Lachnospiraceae	Lachnoclostridium	NA
ASV_973	Bacteria	Firmicutes	Clostridia	Lachnospirales	Lachnospiraceae	NA	NA
ASV_974	Bacteria	Firmicutes	Bacilli	Lactobacillales	NA	NA	NA
ASV_975	Bacteria	Firmicutes	Clostridia	Oscillospirales	Ruminococcaceae	NA	NA
ASV_976	Bacteria	Firmicutes	Clostridia	Clostridia vadinBB60 group	NA	NA	NA
ASV_977	Bacteria	Firmicutes	Clostridia	Oscillospirales	Ruminococcaceae	NA	NA
ASV_978	Bacteria	Firmicutes	Clostridia	Lachnospirales	Lachnospiraceae	Lachnospiraceae NK4A136 group	NA
ASV_979	Bacteria	Firmicutes	Clostridia	Lachnospirales	Lachnospiraceae	NA	NA
ASV_980	Bacteria	Firmicutes	Clostridia	Lachnospirales	Lachnospiraceae	Lachnospiraceae NK4A136 group	NA
ASV_981	Bacteria	Firmicutes	Clostridia	Lachnospirales	Lachnospiraceae	NA	NA
ASV_982	Bacteria	Firmicutes	Clostridia	Lachnospirales	Lachnospiraceae	NA	NA
ASV_983	Bacteria	Firmicutes	Clostridia	Peptostreptococcales-Tissierellales	Family XI	Peptoniphilus	lacrimalis
ASV_984	Bacteria	Firmicutes	Clostridia	Oscillospirales	UCG-010	NA	NA
ASV_985	Bacteria	Actinobacteriota	Coriobacteriia	Coriobacteriales	Coriobacteriales Incertae Sedis	NA	NA
ASV_986	Bacteria	Firmicutes	Clostridia	Lachnospirales	Lachnospiraceae	CAG-56	NA
ASV_987	Bacteria	Firmicutes	Clostridia	Christensenellales	Christensenellaceae	Christensenellaceae R-7 group	NA
ASV_988	Bacteria	Firmicutes	Clostridia	Christensenellales	Christensenellaceae	Christensenellaceae R-7 group	NA
ASV_989	Bacteria	Firmicutes	Clostridia	Oscillospirales	Ruminococcaceae	Paludicola	NA
ASV_990	Bacteria	Firmicutes	Clostridia	Lachnospirales	Lachnospiraceae	Lachnospiraceae UCG-006	NA
ASV_991	Bacteria	Firmicutes	Clostridia	Lachnospirales	Lachnospiraceae	NA	NA
ASV_992	Bacteria	Firmicutes	Clostridia	Lachnospirales	Lachnospiraceae	Lachnospiraceae NK4A136 group	NA
ASV_993	Bacteria	Firmicutes	Clostridia	Lachnospirales	Lachnospiraceae	NA	NA
ASV_994	Bacteria	Firmicutes	Clostridia	Lachnospirales	Lachnospiraceae	Lachnospiraceae UCG-001	NA
ASV_995	Bacteria	Firmicutes	Clostridia	Lachnospirales	Lachnospiraceae	[Ruminococcus] torques group	NA
ASV_996	Bacteria	Firmicutes	Clostridia	Lachnospirales	Lachnospiraceae	NA	NA
ASV_997	Bacteria	Patescibacteria	Parcubacteria	NA	NA	NA	NA
ASV_998	Bacteria	Actinobacteriota	Actinobacteria	Actinomycetales	Actinomycetaceae	Arcanobacterium	NA
ASV_999	Bacteria	Firmicutes	Clostridia	Lachnospirales	Lachnospiraceae	GCA-900066575	NA
ASV_1000	Bacteria	Firmicutes	Clostridia	Lachnospirales	Lachnospiraceae	NA	NA
ASV_1001	Bacteria	Firmicutes	Clostridia	Oscillospirales	Ruminococcaceae	UBA1819	NA
ASV_1002	Bacteria	Firmicutes	Bacilli	RF39	NA	NA	NA
ASV_1003	Bacteria	Firmicutes	Clostridia	Oscillospirales	Ruminococcaceae	NA	NA
ASV_1004	Bacteria	Firmicutes	Clostridia	Lachnospirales	Lachnospiraceae	Lachnospiraceae NK4A136 group	NA
ASV_1005	Bacteria	Firmicutes	Clostridia	Lachnospirales	Lachnospiraceae	Roseburia	NA
ASV_1006	Bacteria	Firmicutes	Clostridia	Lachnospirales	Lachnospiraceae	Lachnospiraceae NK4A136 group	NA
ASV_1007	Bacteria	Firmicutes	Clostridia	Lachnospirales	Lachnospiraceae	NA	NA
ASV_1008	Bacteria	Firmicutes	Clostridia	Lachnospirales	Lachnospiraceae	NA	NA
ASV_1009	Bacteria	Firmicutes	Clostridia	NA	NA	NA	NA
ASV_1010	Bacteria	Firmicutes	Clostridia	Oscillospirales	Butyricicoccaceae	Butyricicoccus	NA
ASV_1011	Bacteria	Firmicutes	Clostridia	Oscillospirales	Ruminococcaceae	Incertae Sedis	NA
ASV_1012	Bacteria	Verrucomicrobiota	Verrucomicrobiae	Opitutales	Puniceicoccaceae	NA	NA
ASV_1013	Bacteria	Firmicutes	Clostridia	Lachnospirales	Lachnospiraceae	Lachnospiraceae NK4A136 group	NA
ASV_1014	Bacteria	Firmicutes	Clostridia	Lachnospirales	Lachnospiraceae	NA	NA
ASV_1015	Bacteria	Firmicutes	Clostridia	Lachnospirales	Lachnospiraceae	NA	NA
ASV_1016	Bacteria	Firmicutes	Clostridia	Lachnospirales	Lachnospiraceae	NA	NA
ASV_1017	Bacteria	Bacteroidota	Bacteroidia	Sphingobacteriales	Sphingobacteriaceae	Sphingobacterium	NA
ASV_1018	Bacteria	Firmicutes	Clostridia	Oscillospirales	Ruminococcaceae	Incertae Sedis	NA
ASV_1019	Bacteria	Proteobacteria	NA	NA	NA	NA	NA
ASV_1020	Bacteria	Myxococcota	Myxococcia	Myxococcales	Myxococcaceae	Myxococcus	NA
ASV_1021	Bacteria	Bacteroidota	Bacteroidia	Bacteroidales	Muribaculaceae	NA	NA
ASV_1022	Bacteria	Firmicutes	Clostridia	Oscillospirales	Butyricicoccaceae	Butyricicoccus	NA
ASV_1023	Bacteria	Firmicutes	Clostridia	Lachnospirales	Lachnospiraceae	NA	NA
ASV_1024	Bacteria	Firmicutes	Clostridia	Clostridiales	Clostridiaceae	Clostridium sensu stricto 10	NA
ASV_1025	Bacteria	Proteobacteria	Alphaproteobacteria	Rickettsiales	Mitochondria	NA	NA
ASV_1026	Bacteria	Firmicutes	Clostridia	Oscillospirales	Ruminococcaceae	Incertae Sedis	NA
ASV_1027	Bacteria	Firmicutes	Clostridia	Lachnospirales	Lachnospiraceae	Lachnospiraceae UCG-004	NA
ASV_1028	Bacteria	Firmicutes	Clostridia	Clostridia UCG-014	NA	NA	NA
ASV_1029	Bacteria	Firmicutes	Clostridia	Lachnospirales	Lachnospiraceae	Lachnoclostridium	NA
ASV_1030	Bacteria	Firmicutes	Bacilli	Erysipelotrichales	Erysipelotrichaceae	Faecalibaculum	NA
ASV_1031	Bacteria	Firmicutes	Clostridia	Oscillospirales	Ruminococcaceae	UBA1819	NA
ASV_1032	Bacteria	Bacteroidota	Bacteroidia	Bacteroidales	Prevotellaceae	Prevotellaceae UCG-003	NA
ASV_1033	Bacteria	Proteobacteria	Gammaproteobacteria	Enterobacterales	Pasteurellaceae	NA	NA
ASV_1034	Bacteria	Firmicutes	Clostridia	Lachnospirales	Lachnospiraceae	NA	NA
ASV_1035	Bacteria	Firmicutes	Bacilli	Paenibacillales	Paenibacillaceae	Paenibacillus	NA
ASV_1036	Bacteria	Actinobacteriota	Coriobacteriia	Coriobacteriales	Eggerthellaceae	NA	NA
ASV_1037	Bacteria	Firmicutes	Clostridia	Oscillospirales	NA	NA	NA
ASV_1038	Bacteria	Firmicutes	Clostridia	Oscillospirales	Ruminococcaceae	NA	NA
ASV_1039	Bacteria	Proteobacteria	Gammaproteobacteria	Enterobacterales	Pasteurellaceae	NA	NA
ASV_1040	Bacteria	Actinobacteriota	Actinobacteria	Bifidobacteriales	Bifidobacteriaceae	Alloscardovia	NA
ASV_1041	Bacteria	Firmicutes	Bacilli	Erysipelotrichales	Erysipelotrichaceae	Allobaculum	NA
ASV_1042	Bacteria	Firmicutes	Clostridia	Oscillospirales	Ruminococcaceae	Anaerofilum	NA
ASV_1043	Bacteria	Bacteroidota	Bacteroidia	Bacteroidales	Prevotellaceae	Prevotella_7	NA
ASV_1044	Bacteria	Firmicutes	Clostridia	Lachnospirales	Lachnospiraceae	NA	NA
ASV_1045	Bacteria	Firmicutes	Clostridia	Lachnospirales	Lachnospiraceae	Lachnospiraceae NK4A136 group	NA
ASV_1046	Bacteria	Firmicutes	Clostridia	Lachnospirales	Lachnospiraceae	Lachnoclostridium	NA
ASV_1047	Bacteria	Firmicutes	Clostridia	Lachnospirales	Lachnospiraceae	NA	NA
ASV_1048	Bacteria	Firmicutes	Clostridia	NA	NA	NA	NA
ASV_1049	Bacteria	Firmicutes	Clostridia	Lachnospirales	Lachnospiraceae	NA	NA
ASV_1050	Bacteria	Firmicutes	Clostridia	Oscillospirales	Oscillospiraceae	NA	NA
ASV_1051	Bacteria	Actinobacteriota	Actinobacteria	Propionibacteriales	Propionibacteriaceae	NA	NA
ASV_1052	Bacteria	Firmicutes	Clostridia	Lachnospirales	Lachnospiraceae	NA	NA
